Delivery_ID,Pickup_DateTime,Weekday,Hour,Package_Type,Distance,Delivery_Zone,Weather_Condition,Actual_Delivery_Time,Status
1,2025-04-09 22:59:48,Wednesday,22,Small,73.4,Rural,Cloudy,112.0,On-time
2,2025-04-01 15:11:50,Tuesday,15,Large,22.2,Industrial,Cloudy,74.2,On-time
3,2025-04-09 21:20:50,Wednesday,21,Special,10.9,Urban,Cloudy,113.2,On-time
4,2025-04-29 09:21:19,Tuesday,9,Special,3.9,Shopping Center,Sunny,150.7,On-time
5,2025-04-14 13:49:12,Monday,13,Medium,88.1,Rural,Rainy,224.6,On-time
6,2025-03-13 21:51:56,Thursday,21,Small,25.0,Suburban,Foggy,43.3,On-time
7,2025-02-25 12:57:41,Tuesday,12,X-Large,2.8,Urban,Windy,73.1,On-time
8,2025-02-18 04:46:26,Tuesday,4,Special,1.9,Shopping Center,Rainy,101.3,On-time
9,2025-02-28 15:39:12,Friday,15,Medium,14.7,Industrial,Rainy,69.2,On-time
10,2025-04-02 08:22:10,Wednesday,8,X-Large,23.7,Suburban,Cloudy,117.6,On-time
11,2025-04-07 15:55:24,Monday,15,Large,33.6,Rural,Cloudy,159.9,On-time
12,2025-05-05 02:18:02,Monday,2,Medium,9.9,Urban,Foggy,91.9,On-time
13,2025-04-15 03:42:43,Tuesday,3,X-Large,7.7,Urban,Cloudy,100.6,On-time
14,2025-04-24 10:55:44,Thursday,10,Large,7.4,Shopping Center,Cloudy,97.9,Delayed
15,2025-03-24 04:55:18,Monday,4,Special,13.1,Urban,Windy,182.9,On-time
16,2025-04-10 05:09:18,Thursday,5,Medium,5.1,Urban,Cloudy,67.8,Delayed
17,2025-04-05 11:33:56,Saturday,11,Medium,9.9,Urban,Sunny,53.7,On-time
18,2025-05-12 10:12:11,Monday,10,Large,43.4,Rural,Sunny,147.3,On-time
19,2025-02-15 05:58:38,Saturday,5,Large,14.8,Industrial,Sunny,40.2,On-time
20,2025-04-05 21:16:51,Saturday,21,Large,5.2,Industrial,Windy,45.8,On-time
21,2025-05-06 17:14:49,Tuesday,17,Medium,8.4,Shopping Center,Sunny,91.3,On-time
22,2025-03-11 08:26:13,Tuesday,8,Small,21.2,Suburban,Sunny,70.5,On-time
23,2025-05-13 11:59:24,Tuesday,11,Small,82.0,Rural,Rainy,124.3,On-time
24,2025-04-26 16:22:56,Saturday,16,Small,81.7,Rural,Sunny,134.3,On-time
25,2025-04-16 23:59:18,Wednesday,23,Large,13.1,Industrial,Rainy,71.1,On-time
26,2025-05-03 06:12:28,Saturday,6,X-Large,13.7,Urban,Sunny,97.1,On-time
27,2025-05-04 23:42:06,Sunday,23,X-Large,16.1,Industrial,Cloudy,91.6,Delayed
28,2025-04-15 10:23:57,Tuesday,10,Small,29.3,Suburban,Cloudy,63.1,On-time
29,2025-03-18 18:52:21,Tuesday,18,Medium,1.7,Shopping Center,Sunny,81.7,On-time
30,2025-03-10 15:18:13,Monday,15,Medium,10.9,Suburban,Cloudy,65.2,On-time
31,2025-03-14 16:32:51,Friday,16,Small,24.3,Industrial,Windy,69.5,On-time
32,2025-03-07 01:25:06,Friday,1,X-Large,11.9,Industrial,Foggy,97.9,On-time
33,2025-02-18 23:51:02,Tuesday,23,Small,95.6,Rural,Windy,152.3,On-time
34,2025-04-26 15:13:11,Saturday,15,Medium,81.7,Rural,Sunny,98.4,On-time
35,2025-02-26 18:51:52,Wednesday,18,X-Large,1.4,Shopping Center,Windy,160.7,On-time
36,2025-02-17 22:07:19,Monday,22,Medium,12.3,Industrial,Sunny,34.2,On-time
37,2025-04-13 05:29:26,Sunday,5,Small,4.7,Urban,Cloudy,35.8,On-time
38,2025-03-08 11:20:23,Saturday,11,Small,2.4,Shopping Center,Sunny,37.0,On-time
39,2025-04-27 02:54:27,Sunday,2,Medium,10.9,Industrial,Sunny,42.3,On-time
40,2025-03-02 00:05:32,Sunday,0,Large,18.5,Industrial,Cloudy,59.0,On-time
41,2025-04-29 01:12:40,Tuesday,1,Medium,11.4,Suburban,Sunny,46.4,On-time
42,2025-02-27 17:17:19,Thursday,17,Medium,14.8,Industrial,Cloudy,82.4,Delayed
43,2025-04-11 21:31:40,Friday,21,Small,11.2,Urban,Sunny,60.6,On-time
44,2025-04-25 15:54:18,Friday,15,Large,4.2,Shopping Center,Rainy,91.3,On-time
45,2025-03-30 22:36:33,Sunday,22,Small,18.9,Industrial,Cloudy,41.5,On-time
46,2025-05-11 17:23:09,Sunday,17,Large,1.1,Shopping Center,Snowy,145.2,On-time
47,2025-04-22 06:01:21,Tuesday,6,Large,7.5,Industrial,Rainy,61.3,On-time
48,2025-03-02 02:02:22,Sunday,2,Small,27.4,Suburban,Cloudy,45.4,On-time
49,2025-03-18 16:04:49,Tuesday,16,Medium,8.6,Urban,Sunny,71.9,On-time
50,2025-05-13 10:07:31,Tuesday,10,Special,12.3,Urban,Rainy,119.0,On-time
51,2025-03-05 16:00:16,Wednesday,16,Medium,5.9,Urban,Windy,72.4,On-time
52,2025-03-22 16:28:30,Saturday,16,Small,11.3,Suburban,Sunny,54.7,On-time
53,2025-02-18 01:27:14,Tuesday,1,Large,13.6,Suburban,Sunny,61.6,On-time
54,2025-03-04 20:38:59,Tuesday,20,Medium,14.2,Urban,Sunny,59.4,On-time
55,2025-05-14 00:38:11,Wednesday,0,Medium,17.9,Industrial,Windy,50.2,On-time
56,2025-02-21 07:41:43,Friday,7,X-Large,17.8,Industrial,Sunny,137.6,On-time
57,2025-04-11 05:59:54,Friday,5,Large,9.1,Urban,Sunny,93.8,On-time
58,2025-02-27 06:16:37,Thursday,6,Medium,11.4,Industrial,Foggy,55.1,On-time
59,2025-02-24 14:33:14,Monday,14,Medium,13.2,Suburban,Windy,56.3,On-time
60,2025-04-14 23:28:04,Monday,23,X-Large,4.4,Shopping Center,Cloudy,101.2,On-time
61,2025-03-10 06:48:41,Monday,6,Medium,12.5,Suburban,Snowy,81.6,On-time
62,2025-02-25 14:23:27,Tuesday,14,Large,1.5,Shopping Center,Windy,56.8,On-time
63,2025-05-05 22:40:11,Monday,22,Special,12.9,Industrial,Windy,121.4,On-time
64,2025-03-17 02:47:54,Monday,2,X-Large,10.6,Suburban,Rainy,98.6,On-time
65,2025-03-06 01:41:55,Thursday,1,Special,22.6,Suburban,Sunny,124.2,On-time
66,2025-03-27 16:34:02,Thursday,16,Medium,27.3,Suburban,Cloudy,98.5,On-time
67,2025-03-19 13:15:59,Wednesday,13,Large,9.1,Urban,Cloudy,87.9,Delayed
68,2025-03-12 07:23:42,Wednesday,7,Small,8.8,Industrial,Rainy,53.7,On-time
69,2025-02-15 02:26:41,Saturday,2,Large,10.5,Urban,Sunny,77.7,Delayed
70,2025-05-13 16:38:18,Tuesday,16,X-Large,62.9,Rural,Sunny,248.8,On-time
71,2025-04-07 00:51:15,Monday,0,Small,4.0,Urban,Cloudy,53.9,On-time
72,2025-02-18 23:35:58,Tuesday,23,Medium,2.7,Shopping Center,Windy,66.0,On-time
73,2025-04-25 09:27:37,Friday,9,Medium,14.9,Urban,Windy,95.9,On-time
74,2025-02-24 03:13:47,Monday,3,Medium,27.0,Rural,Cloudy,75.9,On-time
75,2025-04-15 01:26:46,Tuesday,1,Small,20.6,Industrial,Rainy,26.1,On-time
76,2025-04-22 19:04:26,Tuesday,19,Small,19.4,Suburban,Cloudy,44.0,On-time
77,2025-02-26 05:32:11,Wednesday,5,Large,5.7,Shopping Center,Windy,68.6,On-time
78,2025-03-21 22:29:08,Friday,22,Medium,3.3,Shopping Center,Foggy,86.3,On-time
79,2025-04-02 00:42:38,Wednesday,0,Large,10.6,Suburban,Sunny,64.8,On-time
80,2025-04-30 08:49:27,Wednesday,8,Small,77.1,Rural,Snowy,277.5,On-time
81,2025-04-24 18:17:14,Thursday,18,Medium,93.4,Rural,Sunny,241.9,On-time
82,2025-03-13 22:31:17,Thursday,22,Small,99.4,Rural,Foggy,161.9,On-time
83,2025-02-21 02:15:40,Friday,2,Special,24.4,Industrial,Rainy,97.6,On-time
84,2025-03-21 16:41:45,Friday,16,Large,11.4,Suburban,Rainy,167.6,Delayed
85,2025-05-13 11:55:45,Tuesday,11,Medium,24.8,Suburban,Rainy,90.5,Delayed
86,2025-04-17 03:35:04,Thursday,3,Large,70.4,Rural,Cloudy,144.8,On-time
87,2025-05-14 11:15:23,Wednesday,11,Special,28.8,Rural,Windy,206.2,On-time
88,2025-04-11 12:01:14,Friday,12,X-Large,10.3,Industrial,Cloudy,82.0,On-time
89,2025-03-17 12:04:59,Monday,12,Small,58.9,Rural,Cloudy,150.9,On-time
90,2025-04-21 04:21:10,Monday,4,Large,9.6,Industrial,Foggy,77.0,On-time
91,2025-04-07 15:00:44,Monday,15,Medium,23.5,Industrial,Cloudy,79.2,On-time
92,2025-02-22 08:02:43,Saturday,8,Medium,4.4,Urban,Sunny,54.9,On-time
93,2025-04-14 06:24:08,Monday,6,Large,92.7,Rural,Rainy,296.3,On-time
94,2025-03-15 13:07:35,Saturday,13,Medium,1.2,Shopping Center,Rainy,44.6,On-time
95,2025-04-11 08:31:33,Friday,8,Small,22.0,Suburban,Cloudy,53.7,On-time
96,2025-02-25 05:55:10,Tuesday,5,Small,10.8,Urban,Foggy,58.9,On-time
97,2025-04-01 04:33:27,Tuesday,4,Special,71.3,Rural,Rainy,339.1,On-time
98,2025-05-07 23:25:00,Wednesday,23,Small,12.4,Industrial,Rainy,34.2,On-time
99,2025-05-11 16:28:06,Sunday,16,Small,14.8,Suburban,Snowy,94.7,On-time
100,2025-04-25 10:03:59,Friday,10,Small,13.3,Industrial,Rainy,64.0,Delayed
101,2025-05-05 09:22:13,Monday,9,Large,5.2,Industrial,Cloudy,82.3,On-time
102,2025-03-07 09:45:23,Friday,9,Special,23.8,Suburban,Rainy,256.8,On-time
103,2025-04-21 02:23:42,Monday,2,X-Large,12.6,Suburban,Sunny,116.3,Delayed
104,2025-05-04 07:57:05,Sunday,7,Small,71.6,Rural,Snowy,233.4,On-time
105,2025-03-28 11:54:28,Friday,11,Large,87.9,Rural,Sunny,281.0,On-time
106,2025-03-25 03:21:06,Tuesday,3,Large,10.4,Urban,Sunny,57.3,On-time
107,2025-04-25 15:49:38,Friday,15,Large,1.7,Shopping Center,Rainy,116.1,Delayed
108,2025-04-14 05:28:03,Monday,5,Medium,6.2,Shopping Center,Rainy,79.1,On-time
109,2025-04-20 00:47:58,Sunday,0,Medium,14.5,Industrial,Cloudy,43.2,On-time
110,2025-05-04 16:27:03,Sunday,16,Large,14.8,Industrial,Sunny,77.8,On-time
111,2025-04-16 13:11:29,Wednesday,13,Large,3.6,Urban,Rainy,79.6,On-time
112,2025-04-12 22:50:12,Saturday,22,Medium,5.4,Shopping Center,Cloudy,63.1,On-time
113,2025-05-11 03:37:33,Sunday,3,X-Large,1.8,Shopping Center,Windy,97.1,On-time
114,2025-03-02 04:41:06,Sunday,4,Small,4.2,Shopping Center,Windy,45.7,On-time
115,2025-03-15 01:29:33,Saturday,1,Medium,17.0,Industrial,Windy,44.9,On-time
116,2025-05-03 09:19:46,Saturday,9,Large,11.1,Urban,Rainy,64.5,On-time
117,2025-04-30 14:05:14,Wednesday,14,Small,8.8,Urban,Rainy,52.8,On-time
118,2025-02-22 21:07:39,Saturday,21,Medium,15.1,Suburban,Windy,55.5,On-time
119,2025-04-22 19:27:49,Tuesday,19,Medium,7.8,Industrial,Cloudy,50.2,Delayed
120,2025-04-20 02:08:05,Sunday,2,Large,9.5,Urban,Cloudy,72.5,On-time
121,2025-03-19 04:04:51,Wednesday,4,Medium,14.7,Urban,Cloudy,78.2,Delayed
122,2025-04-11 02:21:25,Friday,2,X-Large,10.8,Suburban,Sunny,82.3,On-time
123,2025-02-25 10:28:53,Tuesday,10,Medium,29.9,Suburban,Windy,76.4,On-time
124,2025-03-20 07:36:29,Thursday,7,Large,3.9,Shopping Center,Sunny,44.2,On-time
125,2025-05-05 20:41:14,Monday,20,Small,6.2,Industrial,Cloudy,35.9,On-time
126,2025-05-07 14:26:09,Wednesday,14,Medium,5.8,Shopping Center,Windy,60.0,On-time
127,2025-02-22 14:25:26,Saturday,14,Medium,18.4,Suburban,Foggy,59.4,On-time
128,2025-04-19 08:39:09,Saturday,8,Small,16.1,Industrial,Windy,39.3,On-time
129,2025-03-20 00:47:26,Thursday,0,Small,19.9,Suburban,Sunny,41.7,On-time
130,2025-03-21 17:04:42,Friday,17,Large,7.4,Shopping Center,Sunny,131.8,On-time
131,2025-04-28 03:07:20,Monday,3,Special,21.8,Industrial,Cloudy,131.5,On-time
132,2025-02-24 17:04:44,Monday,17,Medium,4.4,Shopping Center,Sunny,97.5,On-time
133,2025-04-04 17:09:23,Friday,17,Large,17.9,Suburban,Cloudy,111.2,On-time
134,2025-04-30 02:41:55,Wednesday,2,Large,16.2,Suburban,Snowy,88.4,On-time
135,2025-04-26 03:54:00,Saturday,3,Large,50.7,Rural,Rainy,158.1,On-time
136,2025-03-31 13:34:10,Monday,13,Large,8.1,Shopping Center,Windy,101.3,On-time
137,2025-02-24 22:33:49,Monday,22,Medium,3.9,Urban,Cloudy,48.4,On-time
138,2025-03-07 04:14:40,Friday,4,Small,12.2,Urban,Foggy,89.2,On-time
139,2025-05-12 17:08:03,Monday,17,Large,14.3,Urban,Sunny,125.1,On-time
140,2025-02-27 02:16:42,Thursday,2,X-Large,9.2,Urban,Cloudy,106.5,On-time
141,2025-03-16 07:51:34,Sunday,7,Medium,7.8,Shopping Center,Windy,98.9,Delayed
142,2025-02-18 03:35:05,Tuesday,3,Medium,10.4,Suburban,Rainy,50.8,On-time
143,2025-03-28 15:18:24,Friday,15,Large,2.7,Urban,Sunny,69.9,On-time
144,2025-04-29 17:32:45,Tuesday,17,X-Large,3.3,Shopping Center,Sunny,123.6,On-time
145,2025-03-08 02:58:21,Saturday,2,Small,12.2,Industrial,Snowy,48.4,On-time
146,2025-03-13 08:57:51,Thursday,8,Large,18.9,Industrial,Rainy,85.9,On-time
147,2025-03-29 21:10:52,Saturday,21,Small,20.4,Industrial,Cloudy,46.2,On-time
148,2025-02-22 09:31:16,Saturday,9,Small,3.5,Shopping Center,Sunny,56.6,On-time
149,2025-03-22 09:41:46,Saturday,9,Small,25.3,Suburban,Snowy,130.4,Delayed
150,2025-03-11 18:10:45,Tuesday,18,Large,6.9,Urban,Sunny,100.8,On-time
151,2025-04-26 20:39:57,Saturday,20,X-Large,19.8,Suburban,Sunny,86.9,On-time
152,2025-05-07 02:08:27,Wednesday,2,Small,5.8,Shopping Center,Cloudy,60.0,On-time
153,2025-04-13 01:21:56,Sunday,1,Large,9.7,Shopping Center,Cloudy,64.4,On-time
154,2025-03-12 15:14:36,Wednesday,15,Large,64.7,Rural,Rainy,188.7,On-time
155,2025-03-02 16:53:51,Sunday,16,Small,8.1,Shopping Center,Foggy,76.9,On-time
156,2025-04-22 12:30:14,Tuesday,12,Small,61.6,Rural,Sunny,126.6,Delayed
157,2025-02-14 17:41:21,Friday,17,Small,43.2,Rural,Sunny,145.2,On-time
158,2025-04-19 04:11:44,Saturday,4,Medium,48.6,Rural,Cloudy,117.6,On-time
159,2025-03-03 14:48:46,Monday,14,Large,16.5,Suburban,Rainy,83.8,On-time
160,2025-04-19 09:15:27,Saturday,9,Large,70.7,Rural,Windy,207.0,On-time
161,2025-02-18 16:25:01,Tuesday,16,Medium,20.0,Industrial,Sunny,87.6,Delayed
162,2025-04-17 18:01:48,Thursday,18,Medium,29.5,Suburban,Sunny,114.7,Delayed
163,2025-03-22 16:24:25,Saturday,16,Small,39.9,Rural,Sunny,81.1,On-time
164,2025-05-08 06:52:26,Thursday,6,Special,11.4,Urban,Sunny,115.4,On-time
165,2025-04-24 11:48:08,Thursday,11,X-Large,1.9,Shopping Center,Rainy,115.8,On-time
166,2025-03-10 18:46:57,Monday,18,X-Large,15.7,Industrial,Cloudy,165.6,Delayed
167,2025-03-21 07:47:26,Friday,7,X-Large,6.3,Shopping Center,Cloudy,162.1,On-time
168,2025-04-03 02:58:22,Thursday,2,Large,6.5,Shopping Center,Rainy,82.6,On-time
169,2025-04-12 14:57:52,Saturday,14,Small,7.7,Shopping Center,Cloudy,50.3,On-time
170,2025-04-12 12:32:42,Saturday,12,X-Large,7.3,Industrial,Cloudy,67.9,On-time
171,2025-04-19 03:39:09,Saturday,3,X-Large,11.1,Suburban,Sunny,83.7,On-time
172,2025-04-21 04:30:48,Monday,4,Special,2.9,Urban,Foggy,159.6,On-time
173,2025-03-17 02:54:55,Monday,2,Medium,5.2,Urban,Rainy,76.4,On-time
174,2025-03-13 15:22:16,Thursday,15,Large,9.1,Urban,Rainy,51.8,On-time
175,2025-02-17 05:20:43,Monday,5,Medium,17.0,Industrial,Rainy,60.7,On-time
176,2025-02-18 02:56:02,Tuesday,2,X-Large,21.6,Industrial,Rainy,100.7,On-time
177,2025-03-03 12:18:19,Monday,12,Small,3.2,Shopping Center,Rainy,54.5,On-time
178,2025-04-17 17:06:54,Thursday,17,Special,12.2,Industrial,Windy,132.1,On-time
179,2025-04-18 23:46:02,Friday,23,Large,26.2,Suburban,Cloudy,97.7,On-time
180,2025-04-17 17:21:11,Thursday,17,Medium,24.8,Suburban,Windy,87.4,On-time
181,2025-04-18 12:08:35,Friday,12,Large,13.1,Suburban,Sunny,71.1,On-time
182,2025-04-16 22:20:41,Wednesday,22,Small,8.1,Industrial,Sunny,33.6,On-time
183,2025-05-13 02:49:30,Tuesday,2,Large,3.4,Shopping Center,Rainy,76.2,On-time
184,2025-04-02 13:55:15,Wednesday,13,Large,86.7,Rural,Cloudy,174.0,On-time
185,2025-03-25 02:02:21,Tuesday,2,Large,22.0,Industrial,Sunny,63.2,On-time
186,2025-05-12 22:05:53,Monday,22,Special,16.5,Suburban,Cloudy,90.6,On-time
187,2025-04-05 02:09:56,Saturday,2,X-Large,5.2,Urban,Rainy,85.0,On-time
188,2025-03-06 03:21:10,Thursday,3,Medium,9.2,Shopping Center,Sunny,56.1,On-time
189,2025-02-19 18:50:47,Wednesday,18,Medium,65.5,Rural,Rainy,193.8,On-time
190,2025-04-01 23:23:28,Tuesday,23,Small,96.0,Rural,Cloudy,155.7,On-time
191,2025-04-22 17:40:10,Tuesday,17,Large,95.3,Rural,Cloudy,325.3,On-time
192,2025-04-22 13:06:01,Tuesday,13,Small,40.0,Rural,Windy,83.7,On-time
193,2025-04-24 05:39:57,Thursday,5,X-Large,22.4,Industrial,Cloudy,78.0,On-time
194,2025-04-06 01:38:13,Sunday,1,Special,8.3,Industrial,Windy,84.9,On-time
195,2025-02-17 04:00:49,Monday,4,Small,46.9,Rural,Rainy,184.2,Delayed
196,2025-04-07 00:20:06,Monday,0,Medium,14.5,Urban,Cloudy,66.0,On-time
197,2025-04-22 05:16:31,Tuesday,5,Medium,9.9,Shopping Center,Rainy,82.5,On-time
198,2025-03-20 00:12:19,Thursday,0,Small,49.3,Rural,Sunny,95.4,On-time
199,2025-04-02 23:10:43,Wednesday,23,Medium,6.8,Urban,Sunny,49.7,On-time
200,2025-04-10 17:08:08,Thursday,17,Medium,18.6,Suburban,Cloudy,57.3,On-time
201,2025-04-05 03:32:59,Saturday,3,Large,7.8,Urban,Rainy,86.0,Delayed
202,2025-02-27 03:49:50,Thursday,3,Special,5.8,Shopping Center,Cloudy,141.1,On-time
203,2025-04-14 19:58:30,Monday,19,Special,8.3,Shopping Center,Rainy,158.3,On-time
204,2025-03-24 08:54:01,Monday,8,Medium,67.0,Rural,Foggy,235.2,On-time
205,2025-02-21 02:57:28,Friday,2,Medium,17.6,Industrial,Rainy,62.7,On-time
206,2025-04-04 10:13:20,Friday,10,Small,69.8,Rural,Windy,181.7,Delayed
207,2025-05-02 01:52:22,Friday,1,Special,12.5,Urban,Windy,168.5,On-time
208,2025-04-24 01:19:48,Thursday,1,X-Large,15.7,Industrial,Cloudy,76.1,On-time
209,2025-03-31 09:48:46,Monday,9,X-Large,30.6,Rural,Rainy,208.0,On-time
210,2025-04-13 06:37:57,Sunday,6,Small,51.0,Rural,Cloudy,84.8,On-time
211,2025-04-06 21:45:08,Sunday,21,X-Large,18.6,Suburban,Sunny,55.8,On-time
212,2025-05-03 23:30:36,Saturday,23,Medium,36.5,Rural,Sunny,90.9,On-time
213,2025-02-24 16:58:47,Monday,16,Medium,13.4,Urban,Windy,92.2,On-time
214,2025-03-09 13:21:55,Sunday,13,Small,6.7,Shopping Center,Sunny,32.4,On-time
215,2025-04-29 09:40:43,Tuesday,9,Medium,11.2,Urban,Sunny,57.3,On-time
216,2025-04-22 09:55:10,Tuesday,9,Small,3.0,Shopping Center,Sunny,67.4,On-time
217,2025-02-23 09:03:42,Sunday,9,Medium,21.7,Rural,Rainy,76.1,On-time
218,2025-04-20 07:09:37,Sunday,7,Medium,8.7,Urban,Sunny,51.8,On-time
219,2025-05-11 11:36:51,Sunday,11,Small,51.2,Rural,Rainy,97.9,On-time
220,2025-04-27 15:33:58,Sunday,15,X-Large,47.7,Rural,Cloudy,111.4,On-time
221,2025-03-20 00:26:32,Thursday,0,Small,44.8,Rural,Sunny,109.9,Delayed
222,2025-03-24 15:03:28,Monday,15,Large,2.0,Urban,Snowy,127.4,On-time
223,2025-02-27 10:40:03,Thursday,10,Medium,9.0,Industrial,Rainy,57.5,On-time
224,2025-03-08 23:41:12,Saturday,23,Small,7.8,Shopping Center,Windy,54.8,On-time
225,2025-05-06 03:09:44,Tuesday,3,Large,12.2,Urban,Windy,104.0,Delayed
226,2025-02-25 06:58:43,Tuesday,6,Small,83.1,Rural,Foggy,152.8,On-time
227,2025-02-20 19:21:24,Thursday,19,Medium,21.3,Suburban,Rainy,56.9,On-time
228,2025-05-02 02:15:57,Friday,2,Medium,2.3,Urban,Windy,51.0,On-time
229,2025-02-13 16:54:21,Thursday,16,Small,1.3,Shopping Center,Foggy,63.7,On-time
230,2025-02-16 07:25:09,Sunday,7,Large,21.5,Suburban,Windy,80.1,On-time
231,2025-04-23 19:05:49,Wednesday,19,Large,7.7,Shopping Center,Cloudy,80.6,On-time
232,2025-05-01 13:09:00,Thursday,13,X-Large,25.6,Rural,Sunny,110.4,On-time
233,2025-04-18 14:14:27,Friday,14,X-Large,15.4,Industrial,Sunny,89.1,On-time
234,2025-04-19 21:19:18,Saturday,21,Medium,11.7,Urban,Sunny,46.3,On-time
235,2025-04-13 17:49:50,Sunday,17,Medium,8.6,Industrial,Windy,62.8,On-time
236,2025-03-05 13:39:23,Wednesday,13,Medium,3.8,Shopping Center,Windy,48.0,On-time
237,2025-04-05 13:12:38,Saturday,13,Large,9.0,Shopping Center,Sunny,72.2,On-time
238,2025-04-28 03:55:50,Monday,3,Large,8.5,Urban,Cloudy,61.4,On-time
239,2025-03-14 17:12:37,Friday,17,Small,21.3,Rural,Windy,124.1,On-time
240,2025-04-27 11:49:52,Sunday,11,Large,3.2,Shopping Center,Cloudy,83.2,Delayed
241,2025-05-11 23:05:20,Sunday,23,Special,4.7,Shopping Center,Rainy,120.4,On-time
242,2025-03-25 09:55:59,Tuesday,9,X-Large,20.7,Industrial,Cloudy,119.7,On-time
243,2025-04-21 03:33:11,Monday,3,X-Large,55.5,Rural,Cloudy,296.0,Delayed
244,2025-03-26 10:45:43,Wednesday,10,Medium,68.0,Rural,Cloudy,163.4,On-time
245,2025-04-19 05:17:52,Saturday,5,Special,11.7,Suburban,Cloudy,101.8,On-time
246,2025-04-03 18:01:23,Thursday,18,Medium,78.7,Rural,Windy,243.0,On-time
247,2025-04-02 17:33:42,Wednesday,17,Small,2.0,Shopping Center,Rainy,80.1,On-time
248,2025-02-16 06:31:57,Sunday,6,Medium,24.1,Rural,Windy,66.3,On-time
249,2025-04-16 13:56:49,Wednesday,13,Large,93.3,Rural,Rainy,247.3,On-time
250,2025-05-12 06:21:16,Monday,6,Large,6.1,Shopping Center,Windy,91.4,On-time
251,2025-03-07 01:30:32,Friday,1,Special,51.5,Rural,Foggy,444.0,Delayed
252,2025-05-11 08:51:53,Sunday,8,Large,23.1,Industrial,Cloudy,84.7,On-time
253,2025-03-17 09:23:46,Monday,9,Small,23.9,Rural,Cloudy,74.7,On-time
254,2025-04-22 03:08:17,Tuesday,3,Medium,10.6,Suburban,Rainy,51.2,On-time
255,2025-03-11 00:44:17,Tuesday,0,Medium,10.8,Urban,Sunny,49.2,On-time
256,2025-05-02 08:09:40,Friday,8,Large,5.1,Industrial,Rainy,94.2,On-time
257,2025-04-17 01:48:41,Thursday,1,Small,7.6,Industrial,Cloudy,25.5,On-time
258,2025-04-02 19:20:03,Wednesday,19,Medium,1.5,Shopping Center,Sunny,62.7,On-time
259,2025-03-01 03:58:09,Saturday,3,Small,33.5,Rural,Cloudy,82.9,On-time
260,2025-03-23 08:28:18,Sunday,8,Medium,74.1,Rural,Windy,177.2,On-time
261,2025-02-27 17:47:34,Thursday,17,Medium,8.4,Urban,Cloudy,77.2,On-time
262,2025-02-18 08:20:56,Tuesday,8,Small,29.9,Suburban,Windy,76.6,On-time
263,2025-04-18 20:17:46,Friday,20,X-Large,58.4,Rural,Cloudy,229.7,On-time
264,2025-04-10 15:58:37,Thursday,15,Medium,23.4,Suburban,Rainy,63.0,On-time
265,2025-03-26 23:20:54,Wednesday,23,Special,12.2,Urban,Cloudy,104.8,On-time
266,2025-04-30 03:42:14,Wednesday,3,X-Large,3.8,Shopping Center,Snowy,160.2,On-time
267,2025-05-01 16:30:28,Thursday,16,Medium,6.8,Urban,Cloudy,54.2,On-time
268,2025-03-05 21:37:34,Wednesday,21,Large,28.4,Suburban,Sunny,79.3,On-time
269,2025-04-08 22:15:37,Tuesday,22,X-Large,3.1,Shopping Center,Rainy,104.7,On-time
270,2025-04-01 12:29:04,Tuesday,12,Special,24.2,Industrial,Rainy,123.8,On-time
271,2025-02-21 23:21:01,Friday,23,Small,26.7,Suburban,Windy,88.5,Delayed
272,2025-04-26 12:23:43,Saturday,12,Small,83.9,Rural,Cloudy,138.7,On-time
273,2025-03-02 09:10:05,Sunday,9,Medium,10.9,Suburban,Cloudy,56.9,On-time
274,2025-03-02 00:11:12,Sunday,0,Medium,13.2,Industrial,Cloudy,29.9,On-time
275,2025-05-14 00:51:30,Wednesday,0,Large,2.6,Shopping Center,Windy,65.5,On-time
276,2025-04-12 15:05:54,Saturday,15,Special,1.4,Shopping Center,Cloudy,126.7,Delayed
277,2025-03-11 05:21:30,Tuesday,5,X-Large,2.1,Urban,Sunny,80.0,On-time
278,2025-03-06 00:12:49,Thursday,0,Small,14.5,Suburban,Sunny,40.4,On-time
279,2025-03-23 06:29:37,Sunday,6,Medium,12.1,Suburban,Windy,36.2,On-time
280,2025-03-26 17:27:26,Wednesday,17,Small,7.1,Shopping Center,Cloudy,67.9,On-time
281,2025-05-12 18:17:00,Monday,18,Small,5.9,Shopping Center,Sunny,62.2,On-time
282,2025-02-17 02:00:50,Monday,2,Large,3.7,Urban,Rainy,63.9,On-time
283,2025-04-24 13:41:04,Thursday,13,Small,2.5,Urban,Rainy,46.3,On-time
284,2025-04-18 01:53:26,Friday,1,Small,2.4,Urban,Cloudy,43.2,On-time
285,2025-03-27 16:07:55,Thursday,16,Medium,21.8,Industrial,Cloudy,80.8,On-time
286,2025-05-10 16:11:09,Saturday,16,Special,5.4,Shopping Center,Foggy,197.4,On-time
287,2025-03-17 20:41:51,Monday,20,X-Large,6.5,Shopping Center,Cloudy,128.3,On-time
288,2025-03-20 02:31:31,Thursday,2,Medium,34.1,Rural,Windy,114.7,On-time
289,2025-03-21 03:50:34,Friday,3,Medium,4.3,Shopping Center,Snowy,94.2,On-time
290,2025-02-22 22:58:29,Saturday,22,Small,10.3,Suburban,Windy,31.4,On-time
291,2025-03-23 06:48:54,Sunday,6,Medium,10.2,Urban,Windy,51.5,On-time
292,2025-03-06 17:24:57,Thursday,17,Large,9.8,Shopping Center,Rainy,128.4,On-time
293,2025-03-02 02:07:49,Sunday,2,X-Large,8.5,Shopping Center,Cloudy,79.7,On-time
294,2025-03-22 06:27:05,Saturday,6,Small,15.9,Suburban,Sunny,35.4,On-time
295,2025-04-23 22:59:02,Wednesday,22,X-Large,18.9,Suburban,Foggy,114.7,On-time
296,2025-04-02 07:35:21,Wednesday,7,Small,2.5,Urban,Cloudy,36.3,On-time
297,2025-05-07 12:47:58,Wednesday,12,Special,29.8,Suburban,Windy,152.4,On-time
298,2025-03-18 19:38:32,Tuesday,19,X-Large,13.2,Urban,Sunny,114.7,On-time
299,2025-03-01 06:15:50,Saturday,6,Medium,18.0,Industrial,Cloudy,44.1,On-time
300,2025-02-25 01:17:37,Tuesday,1,Small,6.3,Industrial,Sunny,28.6,On-time
301,2025-02-13 22:00:00,Thursday,22,Small,15.7,Suburban,Snowy,78.9,On-time
302,2025-03-05 12:51:55,Wednesday,12,Large,22.0,Suburban,Rainy,80.5,On-time
303,2025-04-20 10:06:34,Sunday,10,Medium,70.1,Rural,Sunny,137.8,On-time
304,2025-02-19 11:46:50,Wednesday,11,Small,20.7,Industrial,Sunny,34.8,On-time
305,2025-03-30 05:41:03,Sunday,5,Medium,2.4,Urban,Foggy,76.1,Delayed
306,2025-03-22 14:20:37,Saturday,14,Small,13.6,Urban,Cloudy,37.0,On-time
307,2025-05-12 19:00:52,Monday,19,Medium,76.5,Rural,Sunny,181.2,On-time
308,2025-02-22 12:46:39,Saturday,12,Medium,19.1,Suburban,Foggy,70.1,On-time
309,2025-04-02 23:45:52,Wednesday,23,X-Large,22.5,Industrial,Sunny,83.9,On-time
310,2025-05-13 07:25:24,Tuesday,7,Small,11.0,Urban,Rainy,61.2,On-time
311,2025-03-30 23:54:22,Sunday,23,Medium,22.9,Rural,Cloudy,79.9,On-time
312,2025-03-02 07:26:33,Sunday,7,Small,8.1,Shopping Center,Windy,69.2,On-time
313,2025-02-14 00:06:45,Friday,0,Small,51.0,Rural,Sunny,91.9,On-time
314,2025-03-12 19:30:04,Wednesday,19,Medium,2.6,Shopping Center,Rainy,65.4,On-time
315,2025-04-18 10:56:32,Friday,10,Large,1.2,Shopping Center,Rainy,92.6,On-time
316,2025-02-14 23:30:27,Friday,23,Small,7.6,Shopping Center,Sunny,58.0,On-time
317,2025-04-26 20:54:47,Saturday,20,Medium,1.9,Shopping Center,Sunny,38.8,On-time
318,2025-03-14 03:17:45,Friday,3,Medium,84.1,Rural,Rainy,216.4,On-time
319,2025-02-17 06:30:53,Monday,6,Medium,5.4,Industrial,Windy,52.9,On-time
320,2025-02-19 13:43:41,Wednesday,13,Small,49.9,Rural,Sunny,88.8,On-time
321,2025-04-29 05:50:56,Tuesday,5,Small,8.4,Industrial,Sunny,35.5,On-time
322,2025-03-14 05:12:21,Friday,5,Medium,2.7,Urban,Rainy,67.8,On-time
323,2025-03-02 09:04:28,Sunday,9,X-Large,36.8,Rural,Cloudy,190.8,On-time
324,2025-03-26 10:52:21,Wednesday,10,Medium,7.9,Shopping Center,Cloudy,67.8,On-time
325,2025-03-15 15:26:25,Saturday,15,Medium,10.3,Urban,Rainy,72.6,Delayed
326,2025-02-17 10:46:47,Monday,10,Medium,9.3,Shopping Center,Sunny,75.8,On-time
327,2025-02-15 18:51:05,Saturday,18,Medium,19.4,Industrial,Cloudy,68.8,On-time
328,2025-03-19 09:09:22,Wednesday,9,X-Large,19.2,Suburban,Cloudy,155.2,Delayed
329,2025-03-25 20:30:39,Tuesday,20,Small,11.1,Urban,Foggy,49.3,On-time
330,2025-04-16 05:40:02,Wednesday,5,Small,21.0,Industrial,Rainy,46.6,On-time
331,2025-03-31 21:06:36,Monday,21,Large,24.8,Industrial,Cloudy,70.6,On-time
332,2025-04-11 20:57:29,Friday,20,Large,8.2,Urban,Sunny,58.6,On-time
333,2025-02-18 07:37:34,Tuesday,7,Small,23.4,Industrial,Windy,57.5,On-time
334,2025-02-14 04:22:07,Friday,4,X-Large,14.7,Urban,Sunny,132.2,On-time
335,2025-03-29 14:12:13,Saturday,14,X-Large,15.3,Suburban,Cloudy,87.3,On-time
336,2025-03-24 17:16:21,Monday,17,Small,16.7,Suburban,Snowy,129.2,On-time
337,2025-04-25 02:09:12,Friday,2,Medium,6.3,Shopping Center,Cloudy,66.0,On-time
338,2025-02-13 22:37:58,Thursday,22,Medium,6.1,Industrial,Snowy,71.0,On-time
339,2025-05-02 07:04:58,Friday,7,Large,15.1,Industrial,Sunny,88.0,On-time
340,2025-03-09 02:12:49,Sunday,2,Large,21.5,Suburban,Snowy,146.4,Delayed
341,2025-04-29 04:00:55,Tuesday,4,Medium,8.8,Shopping Center,Sunny,47.5,On-time
342,2025-03-26 07:01:34,Wednesday,7,X-Large,10.7,Suburban,Cloudy,98.6,On-time
343,2025-03-10 13:33:35,Monday,13,Small,4.9,Urban,Cloudy,43.3,On-time
344,2025-04-09 16:20:15,Wednesday,16,X-Large,96.4,Rural,Sunny,415.7,On-time
345,2025-02-21 17:32:40,Friday,17,X-Large,13.3,Urban,Windy,193.5,On-time
346,2025-04-22 00:58:47,Tuesday,0,Medium,12.7,Industrial,Sunny,40.8,On-time
347,2025-04-20 10:52:56,Sunday,10,Large,21.1,Suburban,Sunny,53.7,On-time
348,2025-04-30 08:11:34,Wednesday,8,X-Large,27.2,Suburban,Snowy,206.1,On-time
349,2025-03-27 10:33:34,Thursday,10,Medium,14.6,Industrial,Rainy,54.1,On-time
350,2025-02-28 10:02:14,Friday,10,Large,14.7,Urban,Cloudy,106.2,On-time
351,2025-03-29 10:00:40,Saturday,10,X-Large,9.9,Shopping Center,Cloudy,83.5,On-time
352,2025-03-10 00:36:23,Monday,0,X-Large,3.9,Shopping Center,Sunny,106.7,On-time
353,2025-04-21 05:41:23,Monday,5,Small,8.0,Shopping Center,Cloudy,70.5,On-time
354,2025-05-09 08:21:03,Friday,8,Medium,6.2,Shopping Center,Rainy,80.1,On-time
355,2025-03-28 16:26:55,Friday,16,X-Large,13.9,Urban,Sunny,185.5,On-time
356,2025-03-31 10:37:52,Monday,10,Large,20.5,Industrial,Windy,61.3,On-time
357,2025-03-01 19:05:18,Saturday,19,Small,90.4,Rural,Windy,114.6,On-time
358,2025-03-30 06:13:19,Sunday,6,Medium,31.8,Rural,Foggy,121.8,Delayed
359,2025-03-15 02:46:26,Saturday,2,Small,39.8,Rural,Windy,71.4,On-time
360,2025-05-03 00:32:49,Saturday,0,Large,42.6,Rural,Sunny,95.0,On-time
361,2025-02-17 00:24:03,Monday,0,Large,2.6,Urban,Cloudy,75.1,On-time
362,2025-03-04 11:29:39,Tuesday,11,Medium,25.3,Suburban,Windy,66.9,On-time
363,2025-03-23 14:49:20,Sunday,14,Medium,22.5,Industrial,Foggy,79.6,Delayed
364,2025-03-31 21:48:32,Monday,21,Medium,10.9,Urban,Cloudy,74.5,On-time
365,2025-04-11 23:56:35,Friday,23,Medium,19.0,Suburban,Sunny,65.2,On-time
366,2025-05-03 05:50:17,Saturday,5,Large,9.1,Urban,Sunny,57.3,On-time
367,2025-04-15 05:32:10,Tuesday,5,Medium,13.3,Urban,Snowy,83.2,On-time
368,2025-04-03 19:37:43,Thursday,19,Small,6.8,Shopping Center,Windy,65.8,Delayed
369,2025-04-22 01:30:48,Tuesday,1,Small,6.5,Urban,Sunny,48.8,On-time
370,2025-03-13 20:13:41,Thursday,20,Small,16.3,Industrial,Foggy,39.7,On-time
371,2025-03-14 02:16:03,Friday,2,Small,12.0,Urban,Rainy,77.1,On-time
372,2025-02-15 08:29:03,Saturday,8,Medium,23.5,Industrial,Windy,62.8,On-time
373,2025-03-30 22:08:29,Sunday,22,Medium,40.8,Rural,Cloudy,83.1,On-time
374,2025-03-24 07:29:43,Monday,7,Medium,11.2,Urban,Windy,96.8,On-time
375,2025-05-13 03:39:49,Tuesday,3,Special,9.9,Shopping Center,Rainy,176.7,On-time
376,2025-04-15 16:21:55,Tuesday,16,Small,4.0,Shopping Center,Snowy,113.3,On-time
377,2025-03-01 02:56:04,Saturday,2,Medium,2.8,Shopping Center,Cloudy,49.1,On-time
378,2025-03-28 13:16:23,Friday,13,X-Large,13.6,Urban,Sunny,132.0,On-time
379,2025-05-05 02:53:08,Monday,2,Large,12.6,Urban,Foggy,118.3,On-time
380,2025-05-10 09:45:36,Saturday,9,Medium,19.4,Suburban,Sunny,70.5,On-time
381,2025-04-26 23:24:48,Saturday,23,Small,12.8,Industrial,Sunny,32.4,On-time
382,2025-04-12 07:29:59,Saturday,7,X-Large,12.6,Suburban,Rainy,117.5,On-time
383,2025-04-05 13:29:46,Saturday,13,Small,25.8,Rural,Sunny,43.8,On-time
384,2025-03-28 15:12:46,Friday,15,Small,14.2,Suburban,Sunny,55.3,On-time
385,2025-04-16 04:26:51,Wednesday,4,Small,19.3,Industrial,Rainy,57.3,On-time
386,2025-04-29 18:55:20,Tuesday,18,Medium,49.1,Rural,Sunny,179.4,On-time
387,2025-04-16 22:45:32,Wednesday,22,Small,13.8,Urban,Sunny,40.6,On-time
388,2025-02-22 01:49:06,Saturday,1,Special,21.9,Rural,Rainy,184.1,On-time
389,2025-03-29 08:23:24,Saturday,8,Small,3.8,Shopping Center,Cloudy,40.4,On-time
390,2025-03-12 16:42:13,Wednesday,16,X-Large,11.8,Suburban,Rainy,163.4,Delayed
391,2025-05-08 11:17:09,Thursday,11,Small,1.3,Shopping Center,Sunny,49.8,On-time
392,2025-05-06 10:53:55,Tuesday,10,Medium,46.5,Rural,Cloudy,115.9,On-time
393,2025-03-10 05:17:57,Monday,5,Large,10.4,Urban,Sunny,69.2,On-time
394,2025-04-14 18:31:58,Monday,18,Large,42.1,Rural,Rainy,209.8,On-time
395,2025-05-13 09:00:41,Tuesday,9,Large,19.8,Suburban,Rainy,101.9,On-time
396,2025-02-24 13:37:35,Monday,13,Medium,17.5,Industrial,Sunny,65.7,On-time
397,2025-03-05 17:32:48,Wednesday,17,Medium,11.6,Suburban,Windy,61.4,On-time
398,2025-05-05 00:57:35,Monday,0,Medium,16.2,Suburban,Sunny,54.3,On-time
399,2025-03-18 18:04:58,Tuesday,18,Medium,19.8,Industrial,Sunny,80.0,On-time
400,2025-04-02 15:05:03,Wednesday,15,X-Large,9.5,Industrial,Cloudy,67.7,On-time
401,2025-03-16 13:59:13,Sunday,13,Small,19.3,Industrial,Sunny,34.9,On-time
402,2025-03-17 02:36:31,Monday,2,Large,6.1,Shopping Center,Rainy,87.6,On-time
403,2025-04-22 00:34:22,Tuesday,0,Medium,24.4,Suburban,Sunny,43.9,On-time
404,2025-02-27 08:50:31,Thursday,8,Small,9.9,Shopping Center,Cloudy,59.1,On-time
405,2025-03-22 02:37:22,Saturday,2,X-Large,21.7,Suburban,Sunny,65.7,On-time
406,2025-03-08 05:29:21,Saturday,5,Special,24.2,Suburban,Foggy,150.7,On-time
407,2025-05-11 22:47:33,Sunday,22,Small,21.8,Suburban,Cloudy,33.8,On-time
408,2025-03-21 21:37:30,Friday,21,Large,6.3,Urban,Foggy,118.8,Delayed
409,2025-03-22 14:12:53,Saturday,14,Large,7.5,Shopping Center,Cloudy,56.1,On-time
410,2025-02-26 22:12:11,Wednesday,22,X-Large,6.1,Shopping Center,Sunny,116.1,On-time
411,2025-04-29 04:53:31,Tuesday,4,Small,7.0,Shopping Center,Sunny,43.7,On-time
412,2025-04-20 13:22:21,Sunday,13,Special,82.1,Rural,Sunny,285.8,On-time
413,2025-03-27 11:19:59,Thursday,11,Medium,22.0,Suburban,Rainy,68.7,On-time
414,2025-04-09 04:42:19,Wednesday,4,Medium,14.5,Suburban,Cloudy,55.9,On-time
415,2025-03-06 16:05:47,Thursday,16,Small,6.1,Industrial,Cloudy,45.3,On-time
416,2025-03-25 06:27:42,Tuesday,6,Large,4.8,Shopping Center,Sunny,65.8,On-time
417,2025-05-14 10:28:34,Wednesday,10,Medium,6.2,Urban,Windy,61.0,On-time
418,2025-02-22 17:46:08,Saturday,17,Large,1.2,Shopping Center,Windy,85.6,On-time
419,2025-02-18 03:24:23,Tuesday,3,Medium,12.5,Urban,Rainy,70.7,On-time
420,2025-03-29 12:01:17,Saturday,12,Medium,10.6,Industrial,Cloudy,41.8,On-time
421,2025-03-13 20:51:44,Thursday,20,Small,41.2,Rural,Foggy,81.4,On-time
422,2025-05-05 17:53:01,Monday,17,Small,13.1,Urban,Cloudy,100.3,On-time
423,2025-02-20 07:44:58,Thursday,7,X-Large,2.0,Shopping Center,Sunny,110.4,On-time
424,2025-03-31 11:23:22,Monday,11,X-Large,25.5,Rural,Windy,192.3,On-time
425,2025-02-16 21:06:50,Sunday,21,Medium,42.5,Rural,Windy,93.7,On-time
426,2025-02-25 23:22:34,Tuesday,23,X-Large,23.5,Industrial,Windy,107.9,On-time
427,2025-02-22 05:09:27,Saturday,5,Small,1.8,Shopping Center,Rainy,44.8,On-time
428,2025-04-10 05:41:24,Thursday,5,Medium,9.9,Shopping Center,Cloudy,75.0,On-time
429,2025-02-23 15:05:24,Sunday,15,Medium,7.0,Urban,Cloudy,54.9,On-time
430,2025-04-02 04:49:31,Wednesday,4,X-Large,13.4,Urban,Sunny,115.6,On-time
431,2025-04-01 03:30:04,Tuesday,3,Medium,2.9,Urban,Rainy,53.6,On-time
432,2025-04-22 15:32:19,Tuesday,15,Medium,40.8,Rural,Cloudy,107.9,On-time
433,2025-04-25 10:10:58,Friday,10,Special,8.7,Shopping Center,Rainy,168.8,On-time
434,2025-03-04 16:14:17,Tuesday,16,Medium,29.6,Suburban,Cloudy,100.1,On-time
435,2025-03-01 13:21:53,Saturday,13,Special,88.8,Rural,Cloudy,293.2,On-time
436,2025-03-24 15:37:21,Monday,15,Special,25.2,Suburban,Snowy,203.1,On-time
437,2025-04-25 06:33:36,Friday,6,Large,21.6,Industrial,Cloudy,86.7,On-time
438,2025-04-06 11:03:49,Sunday,11,Medium,13.1,Industrial,Rainy,50.9,On-time
439,2025-03-28 09:36:24,Friday,9,Medium,8.7,Shopping Center,Sunny,124.2,Delayed
440,2025-02-22 12:00:29,Saturday,12,Small,18.6,Suburban,Foggy,51.0,On-time
441,2025-02-18 08:54:25,Tuesday,8,Medium,9.3,Shopping Center,Windy,95.1,On-time
442,2025-04-02 01:04:39,Wednesday,1,Medium,70.5,Rural,Sunny,129.7,On-time
443,2025-04-13 19:30:17,Sunday,19,Medium,5.8,Shopping Center,Windy,59.2,On-time
444,2025-05-02 14:19:32,Friday,14,Medium,89.5,Rural,Windy,208.7,On-time
445,2025-04-26 05:53:20,Saturday,5,Medium,21.6,Industrial,Rainy,45.4,On-time
446,2025-03-20 15:18:48,Thursday,15,Small,77.0,Rural,Rainy,148.0,On-time
447,2025-03-19 15:49:14,Wednesday,15,Medium,34.9,Rural,Cloudy,85.5,On-time
448,2025-05-07 11:37:23,Wednesday,11,X-Large,70.3,Rural,Windy,180.0,On-time
449,2025-04-04 12:46:36,Friday,12,Large,10.3,Urban,Cloudy,77.4,On-time
450,2025-03-14 09:49:52,Friday,9,X-Large,31.6,Rural,Windy,246.2,On-time
451,2025-05-10 19:45:26,Saturday,19,Special,7.7,Shopping Center,Windy,107.7,On-time
452,2025-04-09 21:24:24,Wednesday,21,Small,2.3,Shopping Center,Cloudy,49.6,On-time
453,2025-02-16 18:59:52,Sunday,18,Medium,19.0,Industrial,Rainy,77.9,On-time
454,2025-05-13 02:45:41,Tuesday,2,Small,26.5,Suburban,Rainy,53.6,On-time
455,2025-05-12 12:55:18,Monday,12,Small,16.7,Industrial,Sunny,54.0,On-time
456,2025-03-27 16:37:11,Thursday,16,Small,12.5,Urban,Cloudy,78.2,On-time
457,2025-02-19 08:51:42,Wednesday,8,Medium,30.4,Rural,Sunny,103.2,On-time
458,2025-04-28 23:09:06,Monday,23,Medium,54.4,Rural,Sunny,142.1,On-time
459,2025-04-01 10:38:46,Tuesday,10,Small,4.8,Shopping Center,Cloudy,43.9,On-time
460,2025-04-14 00:28:50,Monday,0,Small,6.2,Urban,Rainy,62.4,On-time
461,2025-02-14 16:01:15,Friday,16,Medium,4.2,Shopping Center,Sunny,109.8,On-time
462,2025-03-15 20:31:11,Saturday,20,Medium,3.9,Shopping Center,Sunny,42.5,On-time
463,2025-02-26 03:22:49,Wednesday,3,Large,8.7,Shopping Center,Rainy,72.4,On-time
464,2025-04-26 22:34:12,Saturday,22,X-Large,26.4,Rural,Sunny,105.4,On-time
465,2025-05-09 11:09:03,Friday,11,Special,16.8,Suburban,Sunny,134.9,On-time
466,2025-04-11 15:14:53,Friday,15,Large,6.0,Shopping Center,Cloudy,92.6,On-time
467,2025-03-30 07:20:56,Sunday,7,Large,5.8,Urban,Foggy,101.7,On-time
468,2025-03-28 09:43:28,Friday,9,Medium,4.3,Urban,Sunny,73.5,On-time
469,2025-03-15 05:58:35,Saturday,5,X-Large,23.5,Suburban,Rainy,100.9,On-time
470,2025-05-06 18:18:33,Tuesday,18,Large,73.3,Rural,Sunny,254.9,On-time
471,2025-03-30 06:27:27,Sunday,6,Small,23.8,Rural,Foggy,67.8,On-time
472,2025-05-13 21:20:06,Tuesday,21,Large,69.4,Rural,Sunny,199.1,On-time
473,2025-04-09 23:37:22,Wednesday,23,Large,10.0,Suburban,Cloudy,71.2,On-time
474,2025-03-22 01:08:27,Saturday,1,X-Large,4.2,Urban,Sunny,62.9,On-time
475,2025-04-30 01:33:12,Wednesday,1,Small,7.7,Shopping Center,Snowy,82.0,On-time
476,2025-05-11 01:58:40,Sunday,1,Special,20.8,Suburban,Windy,136.8,On-time
477,2025-02-26 09:04:39,Wednesday,9,Medium,24.0,Industrial,Rainy,103.5,Delayed
478,2025-04-10 12:23:26,Thursday,12,Large,14.5,Suburban,Sunny,50.5,On-time
479,2025-05-12 13:19:52,Monday,13,Large,75.4,Rural,Sunny,193.2,On-time
480,2025-02-24 12:52:02,Monday,12,Small,5.6,Shopping Center,Sunny,64.7,On-time
481,2025-03-16 01:28:38,Sunday,1,Special,2.7,Shopping Center,Sunny,98.3,On-time
482,2025-03-24 22:32:21,Monday,22,Large,95.6,Rural,Rainy,314.0,On-time
483,2025-05-03 19:07:37,Saturday,19,Small,20.2,Industrial,Cloudy,48.2,Delayed
484,2025-03-07 06:08:18,Friday,6,Medium,17.8,Industrial,Rainy,57.9,On-time
485,2025-04-25 16:02:02,Friday,16,Small,15.5,Suburban,Rainy,72.2,On-time
486,2025-04-18 14:05:40,Friday,14,X-Large,50.8,Rural,Sunny,213.7,On-time
487,2025-03-14 04:11:45,Friday,4,Medium,10.6,Urban,Rainy,72.1,On-time
488,2025-04-04 06:55:46,Friday,6,Medium,24.9,Industrial,Sunny,76.8,On-time
489,2025-02-25 00:47:23,Tuesday,0,Large,25.1,Suburban,Sunny,65.3,On-time
490,2025-02-27 11:26:05,Thursday,11,Medium,12.2,Urban,Rainy,66.5,On-time
491,2025-03-20 19:29:30,Thursday,19,Small,3.8,Shopping Center,Sunny,47.5,On-time
492,2025-03-16 13:54:51,Sunday,13,Large,15.4,Suburban,Sunny,66.4,On-time
493,2025-05-03 13:48:31,Saturday,13,Medium,14.2,Industrial,Cloudy,35.3,On-time
494,2025-04-12 15:11:38,Saturday,15,Medium,2.8,Urban,Cloudy,55.9,Delayed
495,2025-03-03 21:59:36,Monday,21,Medium,14.0,Industrial,Foggy,77.9,On-time
496,2025-03-29 11:59:14,Saturday,11,Small,23.1,Industrial,Cloudy,30.4,On-time
497,2025-02-18 08:58:14,Tuesday,8,Special,27.5,Suburban,Windy,159.2,On-time
498,2025-04-19 11:08:57,Saturday,11,Medium,7.8,Shopping Center,Windy,48.9,On-time
499,2025-03-19 11:04:43,Wednesday,11,Medium,6.3,Urban,Cloudy,53.0,On-time
500,2025-03-17 20:08:44,Monday,20,Special,43.4,Rural,Cloudy,310.3,On-time
501,2025-04-27 02:12:33,Sunday,2,X-Large,28.8,Suburban,Sunny,108.4,On-time
502,2025-05-07 16:40:20,Wednesday,16,Small,19.0,Suburban,Sunny,80.4,Delayed
503,2025-04-14 01:07:13,Monday,1,Large,18.9,Industrial,Rainy,89.8,On-time
504,2025-03-08 22:11:56,Saturday,22,Medium,5.9,Shopping Center,Sunny,48.2,On-time
505,2025-05-08 12:53:19,Thursday,12,Medium,20.4,Industrial,Sunny,54.1,On-time
506,2025-03-17 02:48:53,Monday,2,Medium,44.1,Rural,Rainy,118.2,On-time
507,2025-04-11 15:42:10,Friday,15,Medium,38.7,Rural,Cloudy,144.6,Delayed
508,2025-03-26 21:01:42,Wednesday,21,Medium,24.6,Suburban,Cloudy,62.5,On-time
509,2025-03-21 03:03:31,Friday,3,Small,71.4,Rural,Snowy,221.5,On-time
510,2025-04-30 11:07:22,Wednesday,11,Large,7.9,Urban,Rainy,82.3,On-time
511,2025-02-15 01:00:37,Saturday,1,Medium,4.7,Urban,Foggy,61.2,On-time
512,2025-04-18 10:21:17,Friday,10,Special,50.3,Rural,Rainy,321.7,On-time
513,2025-03-17 05:41:32,Monday,5,Small,10.1,Urban,Cloudy,52.9,On-time
514,2025-04-12 00:41:42,Saturday,0,Medium,56.1,Rural,Foggy,162.2,On-time
515,2025-05-03 08:14:48,Saturday,8,Small,3.5,Shopping Center,Sunny,66.5,Delayed
516,2025-02-24 04:55:02,Monday,4,Small,9.6,Shopping Center,Cloudy,56.0,On-time
517,2025-03-03 03:26:15,Monday,3,Medium,3.7,Shopping Center,Cloudy,78.6,On-time
518,2025-05-01 02:57:28,Thursday,2,X-Large,42.4,Rural,Cloudy,190.5,On-time
519,2025-04-28 10:55:35,Monday,10,Medium,14.1,Urban,Foggy,108.2,On-time
520,2025-02-17 08:06:50,Monday,8,Special,13.2,Industrial,Windy,160.1,On-time
521,2025-04-16 15:59:16,Wednesday,15,Medium,11.8,Urban,Sunny,76.9,Delayed
522,2025-04-11 06:53:52,Friday,6,Special,66.8,Rural,Rainy,388.1,On-time
523,2025-04-10 22:41:05,Thursday,22,Large,26.7,Suburban,Cloudy,73.1,On-time
524,2025-05-13 13:48:54,Tuesday,13,Medium,11.1,Suburban,Sunny,42.0,On-time
525,2025-02-17 13:56:12,Monday,13,Medium,1.8,Shopping Center,Rainy,58.5,On-time
526,2025-04-10 21:33:14,Thursday,21,Medium,6.0,Shopping Center,Cloudy,69.5,On-time
527,2025-03-17 02:11:24,Monday,2,Medium,19.3,Suburban,Rainy,74.8,On-time
528,2025-03-28 17:29:32,Friday,17,Special,5.3,Shopping Center,Sunny,175.3,On-time
529,2025-02-20 07:11:46,Thursday,7,Large,23.8,Suburban,Sunny,123.1,Delayed
530,2025-05-03 04:37:50,Saturday,4,Special,22.9,Industrial,Sunny,103.4,On-time
531,2025-02-25 17:51:46,Tuesday,17,Large,13.9,Suburban,Rainy,95.7,On-time
532,2025-03-21 01:11:21,Friday,1,Medium,88.1,Rural,Snowy,333.1,On-time
533,2025-03-26 07:44:19,Wednesday,7,Medium,32.2,Rural,Cloudy,110.2,On-time
534,2025-05-01 13:34:21,Thursday,13,Small,21.5,Suburban,Sunny,57.3,Delayed
535,2025-03-27 19:49:48,Thursday,19,Large,13.4,Suburban,Cloudy,52.2,On-time
536,2025-03-11 17:20:51,Tuesday,17,Medium,22.7,Industrial,Cloudy,70.1,On-time
537,2025-05-05 15:55:24,Monday,15,Large,82.4,Rural,Cloudy,221.4,On-time
538,2025-04-13 13:00:11,Sunday,13,Medium,55.5,Rural,Cloudy,103.8,On-time
539,2025-04-06 19:45:10,Sunday,19,Medium,6.7,Urban,Rainy,45.7,On-time
540,2025-04-14 12:28:43,Monday,12,X-Large,4.6,Shopping Center,Rainy,139.3,On-time
541,2025-04-24 12:35:54,Thursday,12,X-Large,10.6,Industrial,Rainy,72.7,On-time
542,2025-04-17 09:23:39,Thursday,9,Special,6.7,Urban,Foggy,188.3,On-time
543,2025-04-04 13:31:15,Friday,13,X-Large,17.0,Industrial,Cloudy,116.8,On-time
544,2025-04-26 04:11:09,Saturday,4,Medium,10.6,Urban,Rainy,61.1,On-time
545,2025-04-05 22:49:31,Saturday,22,Small,24.4,Suburban,Windy,62.8,Delayed
546,2025-04-15 08:59:29,Tuesday,8,Large,18.9,Industrial,Snowy,143.1,On-time
547,2025-02-28 06:18:28,Friday,6,Medium,9.8,Industrial,Windy,49.7,On-time
548,2025-02-28 23:20:08,Friday,23,Special,19.4,Industrial,Rainy,116.7,On-time
549,2025-04-17 01:05:57,Thursday,1,Small,9.5,Industrial,Cloudy,33.8,On-time
550,2025-02-19 13:44:51,Wednesday,13,X-Large,18.0,Industrial,Sunny,83.0,On-time
551,2025-05-02 14:17:16,Friday,14,Large,27.9,Suburban,Windy,107.2,On-time
552,2025-02-26 16:45:17,Wednesday,16,Large,10.8,Industrial,Sunny,72.2,On-time
553,2025-03-14 20:51:14,Friday,20,Medium,14.0,Urban,Cloudy,64.3,On-time
554,2025-03-20 04:08:59,Thursday,4,Small,8.3,Shopping Center,Sunny,57.9,On-time
555,2025-02-24 09:14:21,Monday,9,Medium,24.6,Industrial,Cloudy,65.5,On-time
556,2025-05-02 17:36:48,Friday,17,Small,10.6,Urban,Windy,121.1,Delayed
557,2025-05-11 04:24:37,Sunday,4,X-Large,17.2,Suburban,Windy,82.6,On-time
558,2025-02-13 18:21:44,Thursday,18,Small,2.9,Urban,Snowy,106.6,On-time
559,2025-05-09 11:01:16,Friday,11,Small,11.6,Urban,Sunny,45.9,On-time
560,2025-05-03 10:07:57,Saturday,10,Small,26.7,Rural,Rainy,81.9,On-time
561,2025-02-19 16:04:37,Wednesday,16,Large,56.1,Rural,Sunny,172.2,On-time
562,2025-04-04 01:50:05,Friday,1,Small,99.8,Rural,Windy,229.6,Delayed
563,2025-03-25 22:09:55,Tuesday,22,Small,10.1,Urban,Foggy,67.8,On-time
564,2025-02-16 11:12:32,Sunday,11,Medium,9.8,Shopping Center,Cloudy,52.2,On-time
565,2025-03-10 21:57:39,Monday,21,Medium,19.4,Industrial,Cloudy,76.6,Delayed
566,2025-02-17 10:08:59,Monday,10,Small,17.1,Industrial,Sunny,57.3,Delayed
567,2025-05-03 08:03:36,Saturday,8,Large,16.2,Suburban,Sunny,62.5,On-time
568,2025-05-12 20:03:20,Monday,20,Medium,59.0,Rural,Cloudy,188.4,Delayed
569,2025-05-04 00:49:47,Sunday,0,Medium,74.7,Rural,Windy,110.8,On-time
570,2025-03-29 05:26:43,Saturday,5,Medium,98.0,Rural,Windy,165.5,On-time
571,2025-04-23 08:10:04,Wednesday,8,Medium,53.3,Rural,Sunny,148.7,On-time
572,2025-04-20 02:03:40,Sunday,2,Large,15.9,Suburban,Cloudy,82.1,Delayed
573,2025-03-28 21:36:20,Friday,21,Small,6.4,Shopping Center,Sunny,51.8,On-time
574,2025-03-12 07:33:57,Wednesday,7,Large,2.9,Urban,Rainy,86.1,On-time
575,2025-03-01 16:30:35,Saturday,16,Small,7.2,Urban,Windy,55.4,On-time
576,2025-03-14 02:44:58,Friday,2,Medium,12.4,Urban,Rainy,86.8,On-time
577,2025-05-09 04:39:15,Friday,4,Medium,10.2,Suburban,Sunny,47.6,On-time
578,2025-03-21 17:07:45,Friday,17,Medium,13.0,Industrial,Sunny,66.1,On-time
579,2025-04-13 08:28:11,Sunday,8,X-Large,11.5,Suburban,Foggy,105.6,On-time
580,2025-02-24 03:58:00,Monday,3,Special,6.4,Shopping Center,Cloudy,160.4,On-time
581,2025-04-24 16:50:21,Thursday,16,Large,18.4,Suburban,Sunny,100.6,On-time
582,2025-04-01 05:54:54,Tuesday,5,X-Large,8.5,Shopping Center,Rainy,84.8,On-time
583,2025-02-18 06:52:15,Tuesday,6,X-Large,55.1,Rural,Windy,240.0,On-time
584,2025-04-17 05:34:53,Thursday,5,Medium,7.7,Industrial,Cloudy,37.0,On-time
585,2025-04-04 03:17:44,Friday,3,Medium,5.7,Shopping Center,Cloudy,61.0,On-time
586,2025-02-25 06:04:35,Tuesday,6,Small,5.0,Industrial,Foggy,42.2,On-time
587,2025-02-23 03:45:58,Sunday,3,Large,6.1,Shopping Center,Rainy,69.6,On-time
588,2025-02-28 09:25:26,Friday,9,Large,3.0,Urban,Cloudy,102.2,On-time
589,2025-02-17 22:36:45,Monday,22,X-Large,9.5,Urban,Sunny,77.7,On-time
590,2025-02-22 02:28:03,Saturday,2,Medium,18.3,Industrial,Rainy,47.4,On-time
591,2025-04-25 06:50:13,Friday,6,Medium,9.2,Urban,Cloudy,71.5,On-time
592,2025-05-11 15:09:09,Sunday,15,Medium,14.8,Urban,Snowy,84.7,On-time
593,2025-05-01 13:34:33,Thursday,13,Medium,21.9,Industrial,Sunny,56.7,On-time
594,2025-04-12 21:20:22,Saturday,21,X-Large,20.0,Industrial,Cloudy,73.0,On-time
595,2025-03-20 22:14:59,Thursday,22,Large,3.7,Shopping Center,Sunny,73.7,On-time
596,2025-05-04 04:56:21,Sunday,4,Small,68.8,Rural,Windy,122.9,On-time
597,2025-04-16 10:18:03,Wednesday,10,Medium,1.0,Shopping Center,Cloudy,55.6,On-time
598,2025-03-30 04:29:24,Sunday,4,Special,40.4,Rural,Foggy,233.4,On-time
599,2025-02-16 12:20:59,Sunday,12,Special,13.2,Industrial,Cloudy,116.7,Delayed
600,2025-03-20 07:38:52,Thursday,7,Special,10.4,Industrial,Sunny,111.6,On-time
601,2025-05-09 12:47:19,Friday,12,Medium,8.7,Urban,Sunny,83.6,Delayed
602,2025-03-08 05:26:44,Saturday,5,Small,9.7,Urban,Foggy,57.1,On-time
603,2025-03-28 10:01:24,Friday,10,Small,1.9,Shopping Center,Sunny,39.5,On-time
604,2025-04-05 08:24:07,Saturday,8,Medium,31.2,Rural,Windy,108.8,On-time
605,2025-03-24 00:17:33,Monday,0,Large,1.8,Shopping Center,Windy,78.5,On-time
606,2025-03-20 19:46:23,Thursday,19,Large,20.5,Suburban,Sunny,73.6,On-time
607,2025-03-04 09:45:17,Tuesday,9,X-Large,24.7,Industrial,Sunny,106.2,On-time
608,2025-03-10 09:34:36,Monday,9,Small,21.5,Suburban,Sunny,78.8,On-time
609,2025-02-23 15:09:43,Sunday,15,Medium,51.2,Rural,Cloudy,85.0,On-time
610,2025-04-26 01:06:48,Saturday,1,Medium,21.0,Industrial,Sunny,36.5,On-time
611,2025-02-16 18:56:09,Sunday,18,Small,5.6,Shopping Center,Rainy,79.7,On-time
612,2025-03-24 15:26:55,Monday,15,Medium,1.4,Shopping Center,Snowy,122.5,On-time
613,2025-03-12 18:45:34,Wednesday,18,X-Large,20.4,Industrial,Rainy,131.1,On-time
614,2025-03-18 11:22:10,Tuesday,11,Small,8.9,Urban,Sunny,54.2,Delayed
615,2025-03-28 14:23:16,Friday,14,Small,24.0,Suburban,Sunny,52.8,On-time
616,2025-04-29 23:07:00,Tuesday,23,Small,5.0,Urban,Sunny,46.3,On-time
617,2025-04-06 15:51:12,Sunday,15,Medium,14.7,Industrial,Cloudy,46.0,On-time
618,2025-04-08 10:36:30,Tuesday,10,Small,71.0,Rural,Rainy,105.0,On-time
619,2025-04-27 05:44:01,Sunday,5,Small,8.5,Shopping Center,Rainy,64.1,On-time
620,2025-02-15 22:32:14,Saturday,22,Medium,5.7,Industrial,Cloudy,29.3,On-time
621,2025-04-18 11:38:01,Friday,11,Medium,29.2,Rural,Sunny,83.1,On-time
622,2025-03-27 12:09:14,Thursday,12,Medium,16.9,Industrial,Rainy,55.2,On-time
623,2025-03-21 18:53:12,Friday,18,Small,8.3,Shopping Center,Sunny,84.1,On-time
624,2025-04-02 04:11:57,Wednesday,4,X-Large,18.7,Industrial,Sunny,77.3,On-time
625,2025-03-20 06:04:52,Thursday,6,Special,10.4,Industrial,Sunny,81.6,On-time
626,2025-02-19 06:02:28,Wednesday,6,Large,10.7,Urban,Sunny,52.6,On-time
627,2025-04-23 08:08:47,Wednesday,8,Medium,14.2,Urban,Sunny,84.2,On-time
628,2025-04-07 23:46:15,Monday,23,Small,28.1,Suburban,Sunny,62.4,On-time
629,2025-04-26 05:43:01,Saturday,5,Small,1.7,Shopping Center,Rainy,43.2,On-time
630,2025-05-08 04:40:32,Thursday,4,Special,9.4,Shopping Center,Sunny,122.1,On-time
631,2025-03-02 02:42:30,Sunday,2,Large,26.5,Suburban,Cloudy,63.1,On-time
632,2025-04-15 18:15:24,Tuesday,18,Medium,21.0,Suburban,Cloudy,88.0,On-time
633,2025-04-13 11:24:26,Sunday,11,X-Large,94.1,Rural,Windy,301.0,On-time
634,2025-03-13 10:02:33,Thursday,10,Large,22.9,Suburban,Cloudy,64.3,On-time
635,2025-02-16 03:08:22,Sunday,3,Medium,11.8,Urban,Windy,53.9,On-time
636,2025-03-19 16:48:14,Wednesday,16,Large,4.9,Shopping Center,Cloudy,99.6,On-time
637,2025-04-06 04:22:53,Sunday,4,Medium,15.8,Industrial,Cloudy,49.4,On-time
638,2025-03-23 19:43:06,Sunday,19,X-Large,20.9,Rural,Windy,111.5,On-time
639,2025-02-22 00:58:45,Saturday,0,X-Large,4.8,Urban,Rainy,107.9,Delayed
640,2025-04-01 15:01:09,Tuesday,15,X-Large,72.3,Rural,Cloudy,240.9,On-time
641,2025-02-23 02:42:42,Sunday,2,Medium,10.8,Industrial,Rainy,48.5,On-time
642,2025-05-01 05:03:06,Thursday,5,Small,10.8,Suburban,Sunny,41.3,On-time
643,2025-05-04 00:47:21,Sunday,0,X-Large,18.6,Suburban,Windy,84.6,On-time
644,2025-04-16 17:08:13,Wednesday,17,Small,7.1,Shopping Center,Sunny,64.8,On-time
645,2025-04-08 01:19:02,Tuesday,1,Medium,4.8,Shopping Center,Sunny,41.3,On-time
646,2025-04-20 08:04:33,Sunday,8,Large,98.8,Rural,Sunny,240.1,On-time
647,2025-04-13 13:59:24,Sunday,13,Small,54.8,Rural,Cloudy,108.5,On-time
648,2025-03-07 12:35:58,Friday,12,Small,9.9,Shopping Center,Rainy,63.5,On-time
649,2025-03-23 01:29:35,Sunday,1,Medium,15.7,Industrial,Rainy,48.5,On-time
650,2025-04-19 14:53:14,Saturday,14,Small,5.9,Industrial,Rainy,29.7,On-time
651,2025-03-20 14:25:08,Thursday,14,Small,8.5,Industrial,Rainy,49.2,Delayed
652,2025-03-23 03:52:01,Sunday,3,Small,1.7,Shopping Center,Windy,53.0,Delayed
653,2025-04-05 21:39:53,Saturday,21,X-Large,1.2,Shopping Center,Windy,65.5,On-time
654,2025-02-21 14:38:23,Friday,14,Small,12.4,Industrial,Windy,55.5,On-time
655,2025-03-29 13:52:10,Saturday,13,Medium,6.2,Shopping Center,Cloudy,68.0,Delayed
656,2025-02-24 12:44:33,Monday,12,Special,8.2,Urban,Sunny,100.1,On-time
657,2025-05-11 21:49:37,Sunday,21,Small,15.1,Industrial,Sunny,38.0,On-time
658,2025-05-04 12:33:46,Sunday,12,X-Large,8.4,Urban,Cloudy,105.5,Delayed
659,2025-04-28 18:28:19,Monday,18,Small,52.1,Rural,Cloudy,166.6,On-time
660,2025-03-08 00:35:27,Saturday,0,Medium,93.4,Rural,Snowy,272.7,On-time
661,2025-04-03 22:58:45,Thursday,22,X-Large,12.6,Urban,Windy,99.7,On-time
662,2025-02-19 04:08:09,Wednesday,4,Large,17.9,Suburban,Cloudy,75.4,On-time
663,2025-02-28 03:27:01,Friday,3,Special,22.8,Suburban,Sunny,168.8,On-time
664,2025-03-15 07:01:07,Saturday,7,Small,8.0,Urban,Rainy,61.4,On-time
665,2025-04-15 16:55:21,Tuesday,16,Small,22.4,Suburban,Snowy,118.1,On-time
666,2025-04-10 16:40:52,Thursday,16,Medium,45.1,Rural,Rainy,127.7,On-time
667,2025-03-26 09:09:06,Wednesday,9,Special,10.7,Suburban,Cloudy,151.2,On-time
668,2025-02-23 00:27:22,Sunday,0,Medium,44.4,Rural,Rainy,92.6,On-time
669,2025-03-17 13:28:09,Monday,13,Special,24.6,Industrial,Cloudy,111.6,On-time
670,2025-04-15 17:07:25,Tuesday,17,Special,90.7,Rural,Snowy,756.5,On-time
671,2025-04-12 16:54:33,Saturday,16,X-Large,14.4,Urban,Cloudy,145.0,On-time
672,2025-05-07 12:05:37,Wednesday,12,Large,7.6,Shopping Center,Windy,64.0,On-time
673,2025-03-01 08:19:18,Saturday,8,Medium,16.6,Suburban,Sunny,71.2,On-time
674,2025-03-17 21:42:31,Monday,21,Special,23.8,Suburban,Cloudy,128.3,On-time
675,2025-04-22 19:12:08,Tuesday,19,Small,7.9,Shopping Center,Cloudy,48.2,On-time
676,2025-03-12 14:14:48,Wednesday,14,Small,34.1,Rural,Rainy,88.3,On-time
677,2025-05-10 03:20:29,Saturday,3,X-Large,8.6,Urban,Cloudy,91.0,On-time
678,2025-03-10 02:47:48,Monday,2,Small,63.0,Rural,Sunny,118.1,On-time
679,2025-02-18 08:32:55,Tuesday,8,Large,6.4,Shopping Center,Windy,106.0,On-time
680,2025-05-08 17:49:34,Thursday,17,Medium,12.5,Urban,Rainy,70.8,On-time
681,2025-03-09 19:58:34,Sunday,19,Large,20.8,Rural,Sunny,75.7,On-time
682,2025-03-20 16:51:07,Thursday,16,Medium,19.8,Suburban,Rainy,60.4,On-time
683,2025-03-08 00:34:18,Saturday,0,X-Large,76.1,Rural,Snowy,245.8,On-time
684,2025-03-02 02:22:35,Sunday,2,Special,1.0,Shopping Center,Cloudy,105.4,On-time
685,2025-04-30 17:26:05,Wednesday,17,Small,14.2,Urban,Cloudy,84.8,On-time
686,2025-04-25 03:47:23,Friday,3,Medium,5.4,Shopping Center,Sunny,60.7,On-time
687,2025-04-11 12:19:43,Friday,12,Small,93.9,Rural,Cloudy,170.6,On-time
688,2025-04-12 04:18:42,Saturday,4,X-Large,24.7,Suburban,Rainy,91.5,On-time
689,2025-05-09 00:13:39,Friday,0,Large,6.9,Urban,Windy,76.9,On-time
690,2025-04-27 20:35:32,Sunday,20,Medium,49.6,Rural,Cloudy,78.2,On-time
691,2025-03-21 17:54:51,Friday,17,Medium,9.5,Urban,Sunny,80.7,On-time
692,2025-02-20 05:32:42,Thursday,5,Special,19.0,Industrial,Sunny,126.9,Delayed
693,2025-02-26 23:57:00,Wednesday,23,X-Large,13.9,Urban,Sunny,138.6,Delayed
694,2025-03-27 21:14:20,Thursday,21,Medium,8.5,Shopping Center,Cloudy,65.4,On-time
695,2025-03-03 20:58:18,Monday,20,Medium,17.7,Industrial,Cloudy,57.4,On-time
696,2025-03-20 02:47:49,Thursday,2,Small,5.5,Industrial,Windy,37.1,On-time
697,2025-04-05 19:27:07,Saturday,19,Medium,3.6,Urban,Windy,44.4,On-time
698,2025-03-02 05:18:45,Sunday,5,Large,90.9,Rural,Windy,211.4,On-time
699,2025-03-21 04:58:14,Friday,4,Small,21.2,Industrial,Cloudy,55.8,On-time
700,2025-03-11 18:48:49,Tuesday,18,X-Large,40.7,Rural,Sunny,177.2,On-time
701,2025-04-30 08:34:56,Wednesday,8,Small,65.4,Rural,Snowy,256.9,On-time
702,2025-03-02 12:50:13,Sunday,12,Small,10.5,Suburban,Sunny,39.2,On-time
703,2025-04-30 21:06:56,Wednesday,21,Large,28.4,Rural,Cloudy,129.8,Delayed
704,2025-05-11 22:50:35,Sunday,22,Medium,13.1,Urban,Cloudy,47.9,On-time
705,2025-05-08 12:23:18,Thursday,12,Large,9.8,Shopping Center,Sunny,84.0,On-time
706,2025-05-05 00:59:48,Monday,0,Small,6.9,Shopping Center,Sunny,51.6,On-time
707,2025-05-13 20:36:54,Tuesday,20,Special,4.3,Shopping Center,Sunny,118.2,On-time
708,2025-03-16 22:47:13,Sunday,22,Medium,13.0,Urban,Sunny,48.4,On-time
709,2025-04-14 11:20:02,Monday,11,Medium,27.3,Suburban,Rainy,88.0,On-time
710,2025-03-16 08:51:01,Sunday,8,X-Large,13.3,Urban,Cloudy,102.7,On-time
711,2025-03-15 17:01:40,Saturday,17,Medium,2.8,Urban,Sunny,62.1,On-time
712,2025-03-10 21:02:11,Monday,21,Large,9.2,Shopping Center,Cloudy,104.5,On-time
713,2025-04-14 15:11:40,Monday,15,Special,19.7,Suburban,Rainy,180.8,On-time
714,2025-04-13 22:01:42,Sunday,22,Special,24.1,Suburban,Windy,96.2,On-time
715,2025-04-25 12:04:42,Friday,12,Small,10.0,Shopping Center,Rainy,68.3,On-time
716,2025-04-20 04:28:59,Sunday,4,X-Large,8.6,Shopping Center,Cloudy,122.8,Delayed
717,2025-05-09 06:13:25,Friday,6,Large,12.7,Urban,Sunny,84.5,On-time
718,2025-04-07 21:00:24,Monday,21,Small,10.7,Urban,Cloudy,62.1,On-time
719,2025-03-27 23:36:20,Thursday,23,Special,19.6,Industrial,Cloudy,102.5,On-time
720,2025-02-24 20:11:48,Monday,20,Large,28.8,Suburban,Sunny,97.8,On-time
721,2025-05-13 11:19:17,Tuesday,11,Large,4.1,Shopping Center,Rainy,72.8,On-time
722,2025-02-16 19:26:52,Sunday,19,Large,2.7,Shopping Center,Rainy,64.6,On-time
723,2025-03-09 17:48:07,Sunday,17,Medium,32.8,Rural,Foggy,141.1,On-time
724,2025-03-28 05:14:33,Friday,5,Large,13.3,Industrial,Sunny,61.4,On-time
725,2025-03-14 07:04:30,Friday,7,Medium,21.9,Industrial,Windy,75.6,On-time
726,2025-03-17 21:38:15,Monday,21,Small,31.8,Rural,Cloudy,83.7,On-time
727,2025-03-24 17:45:15,Monday,17,Medium,22.4,Suburban,Snowy,158.4,On-time
728,2025-02-27 09:42:17,Thursday,9,Medium,38.8,Rural,Windy,107.5,On-time
729,2025-05-12 03:10:55,Monday,3,Special,9.3,Urban,Windy,141.0,On-time
730,2025-05-12 02:57:05,Monday,2,X-Large,5.7,Shopping Center,Windy,158.1,Delayed
731,2025-04-20 21:54:36,Sunday,21,X-Large,5.3,Urban,Rainy,81.1,On-time
732,2025-04-24 15:51:29,Thursday,15,Special,41.8,Rural,Sunny,239.4,On-time
733,2025-04-03 10:44:26,Thursday,10,X-Large,13.7,Suburban,Cloudy,106.1,Delayed
734,2025-04-29 08:53:32,Tuesday,8,Large,14.8,Urban,Sunny,75.4,On-time
735,2025-03-23 01:11:07,Sunday,1,X-Large,20.3,Suburban,Rainy,80.0,On-time
736,2025-05-10 14:32:36,Saturday,14,Small,73.6,Rural,Sunny,112.4,On-time
737,2025-02-27 04:05:07,Thursday,4,Medium,87.7,Rural,Foggy,225.0,On-time
738,2025-03-07 13:32:57,Friday,13,Medium,60.7,Rural,Rainy,174.3,On-time
739,2025-04-20 19:10:02,Sunday,19,Medium,3.9,Shopping Center,Cloudy,51.4,On-time
740,2025-03-13 22:03:03,Thursday,22,Small,10.7,Suburban,Foggy,58.6,On-time
741,2025-02-17 21:16:22,Monday,21,Medium,6.5,Shopping Center,Sunny,78.9,On-time
742,2025-02-19 05:57:45,Wednesday,5,Small,15.1,Industrial,Cloudy,42.7,On-time
743,2025-02-14 12:23:03,Friday,12,X-Large,13.9,Industrial,Sunny,94.1,On-time
744,2025-03-26 07:34:42,Wednesday,7,Medium,25.1,Suburban,Cloudy,90.2,On-time
745,2025-03-20 16:35:07,Thursday,16,Medium,26.2,Suburban,Rainy,104.2,On-time
746,2025-03-24 11:57:49,Monday,11,Small,11.5,Industrial,Foggy,59.8,On-time
747,2025-02-19 19:26:29,Wednesday,19,Large,21.0,Suburban,Rainy,96.5,On-time
748,2025-03-07 20:19:44,Friday,20,Medium,23.1,Industrial,Sunny,50.8,On-time
749,2025-03-04 06:56:39,Tuesday,6,Medium,5.9,Urban,Windy,55.0,On-time
750,2025-04-28 17:00:58,Monday,17,Large,88.8,Rural,Cloudy,349.5,On-time
751,2025-02-17 13:01:38,Monday,13,Medium,17.7,Suburban,Rainy,66.6,On-time
752,2025-03-13 21:50:03,Thursday,21,Medium,9.9,Shopping Center,Foggy,90.7,On-time
753,2025-02-27 18:51:58,Thursday,18,X-Large,14.3,Industrial,Cloudy,121.7,On-time
754,2025-04-05 18:44:34,Saturday,18,Medium,20.1,Suburban,Windy,71.8,On-time
755,2025-03-13 13:22:40,Thursday,13,Small,1.2,Shopping Center,Cloudy,41.1,On-time
756,2025-03-21 09:43:30,Friday,9,Medium,9.3,Urban,Cloudy,119.4,Delayed
757,2025-04-23 17:06:12,Wednesday,17,Small,7.9,Shopping Center,Cloudy,84.9,On-time
758,2025-04-26 18:29:34,Saturday,18,Medium,99.4,Rural,Sunny,164.6,On-time
759,2025-03-03 17:29:52,Monday,17,Special,94.7,Rural,Windy,549.8,On-time
760,2025-04-18 21:22:19,Friday,21,Medium,12.9,Suburban,Cloudy,65.3,On-time
761,2025-03-02 15:31:28,Sunday,15,Small,12.8,Suburban,Foggy,60.9,Delayed
762,2025-05-05 14:42:39,Monday,14,Small,5.4,Urban,Cloudy,55.2,On-time
763,2025-02-26 07:16:09,Wednesday,7,Special,4.1,Shopping Center,Rainy,207.0,On-time
764,2025-02-17 20:19:57,Monday,20,Medium,5.1,Industrial,Sunny,58.3,Delayed
765,2025-04-06 21:36:34,Sunday,21,Small,20.9,Suburban,Sunny,44.5,On-time
766,2025-03-17 00:16:55,Monday,0,Small,20.9,Suburban,Rainy,68.3,On-time
767,2025-04-23 15:11:32,Wednesday,15,Medium,8.0,Industrial,Cloudy,35.6,On-time
768,2025-04-11 12:21:25,Friday,12,Medium,29.3,Suburban,Cloudy,80.2,On-time
769,2025-04-27 09:44:40,Sunday,9,Medium,8.5,Shopping Center,Cloudy,102.9,Delayed
770,2025-03-27 19:12:37,Thursday,19,Large,53.6,Rural,Cloudy,141.4,On-time
771,2025-02-15 21:09:48,Saturday,21,Medium,24.0,Industrial,Cloudy,52.6,On-time
772,2025-04-14 01:23:32,Monday,1,Medium,73.3,Rural,Rainy,174.7,On-time
773,2025-02-22 07:35:59,Saturday,7,Medium,10.7,Urban,Sunny,67.8,On-time
774,2025-04-04 18:58:14,Friday,18,Large,12.1,Suburban,Cloudy,94.5,On-time
775,2025-05-04 20:49:04,Sunday,20,Large,5.6,Industrial,Rainy,37.0,On-time
776,2025-02-20 11:21:02,Thursday,11,Small,10.5,Urban,Snowy,95.1,On-time
777,2025-04-06 20:48:53,Sunday,20,Medium,19.0,Industrial,Rainy,43.0,On-time
778,2025-03-29 01:06:29,Saturday,1,Medium,79.5,Rural,Rainy,167.1,On-time
779,2025-04-16 13:27:02,Wednesday,13,Small,86.7,Rural,Rainy,144.3,On-time
780,2025-03-06 23:32:44,Thursday,23,Medium,56.2,Rural,Sunny,133.8,On-time
781,2025-03-30 11:25:38,Sunday,11,Small,32.0,Rural,Cloudy,88.5,Delayed
782,2025-05-06 13:11:53,Tuesday,13,Medium,5.7,Industrial,Sunny,37.1,On-time
783,2025-04-04 02:47:26,Friday,2,Large,17.6,Industrial,Windy,85.5,On-time
784,2025-02-27 09:52:56,Thursday,9,Medium,20.3,Industrial,Windy,68.3,On-time
785,2025-03-09 14:19:22,Sunday,14,X-Large,27.7,Suburban,Sunny,90.2,On-time
786,2025-02-15 14:35:12,Saturday,14,Medium,14.6,Industrial,Sunny,48.7,Delayed
787,2025-03-06 13:10:37,Thursday,13,Medium,8.1,Shopping Center,Sunny,50.7,On-time
788,2025-02-20 21:02:16,Thursday,21,Medium,3.6,Shopping Center,Sunny,43.6,On-time
789,2025-05-09 04:47:36,Friday,4,X-Large,1.2,Shopping Center,Sunny,132.2,Delayed
790,2025-03-25 18:23:22,Tuesday,18,Small,11.5,Urban,Rainy,57.8,On-time
791,2025-05-14 03:51:14,Wednesday,3,X-Large,9.3,Shopping Center,Windy,98.4,On-time
792,2025-05-11 10:08:48,Sunday,10,Large,2.8,Shopping Center,Sunny,49.9,On-time
793,2025-03-11 02:00:06,Tuesday,2,Medium,36.2,Rural,Sunny,53.2,On-time
794,2025-03-06 16:16:23,Thursday,16,Medium,47.5,Rural,Cloudy,154.7,On-time
795,2025-03-17 16:54:11,Monday,16,Medium,4.5,Urban,Cloudy,96.6,On-time
796,2025-03-10 00:42:19,Monday,0,Medium,18.8,Industrial,Sunny,80.4,Delayed
797,2025-05-05 22:37:22,Monday,22,X-Large,7.4,Urban,Windy,126.4,On-time
798,2025-02-18 13:42:44,Tuesday,13,Large,10.2,Urban,Windy,88.9,On-time
799,2025-03-01 07:56:39,Saturday,7,Medium,27.3,Rural,Cloudy,97.2,On-time
800,2025-02-26 13:47:41,Wednesday,13,Small,95.2,Rural,Rainy,194.3,On-time
801,2025-03-02 15:19:24,Sunday,15,X-Large,8.4,Urban,Foggy,116.0,On-time
802,2025-02-22 06:10:40,Saturday,6,Medium,7.4,Shopping Center,Sunny,57.9,On-time
803,2025-03-27 12:56:40,Thursday,12,Small,1.1,Shopping Center,Rainy,46.3,On-time
804,2025-04-02 04:54:17,Wednesday,4,Medium,82.8,Rural,Sunny,140.3,On-time
805,2025-02-14 04:03:42,Friday,4,Large,14.2,Urban,Sunny,94.8,On-time
806,2025-02-20 20:27:51,Thursday,20,Special,9.0,Urban,Rainy,120.9,On-time
807,2025-02-18 03:00:28,Tuesday,3,X-Large,27.7,Suburban,Rainy,125.9,On-time
808,2025-04-24 03:42:13,Thursday,3,Medium,74.4,Rural,Cloudy,170.3,On-time
809,2025-02-21 11:37:17,Friday,11,Small,6.1,Industrial,Windy,41.1,On-time
810,2025-03-28 23:40:19,Friday,23,Medium,3.2,Shopping Center,Sunny,72.8,On-time
811,2025-04-29 00:25:30,Tuesday,0,X-Large,37.9,Rural,Sunny,191.1,Delayed
812,2025-04-22 21:56:04,Tuesday,21,Medium,9.0,Industrial,Snowy,75.8,On-time
813,2025-04-06 16:53:10,Sunday,16,Special,88.2,Rural,Cloudy,495.3,On-time
814,2025-02-28 03:49:09,Friday,3,Special,7.3,Shopping Center,Sunny,174.6,On-time
815,2025-04-14 04:52:39,Monday,4,Small,14.6,Industrial,Rainy,61.1,On-time
816,2025-04-20 04:47:09,Sunday,4,Special,6.2,Urban,Cloudy,109.7,On-time
817,2025-05-02 18:40:51,Friday,18,Large,10.2,Industrial,Windy,80.4,On-time
818,2025-05-03 15:40:41,Saturday,15,Small,2.5,Urban,Sunny,35.0,On-time
819,2025-03-11 01:37:11,Tuesday,1,X-Large,19.2,Suburban,Sunny,102.2,On-time
820,2025-03-30 16:54:45,Sunday,16,Medium,4.2,Shopping Center,Cloudy,68.7,On-time
821,2025-03-10 21:42:46,Monday,21,Special,15.5,Industrial,Cloudy,129.1,On-time
822,2025-05-09 07:49:17,Friday,7,Medium,32.9,Rural,Windy,170.6,On-time
823,2025-03-07 05:56:00,Friday,5,Small,14.6,Industrial,Foggy,69.8,On-time
824,2025-03-17 05:43:17,Monday,5,Medium,8.3,Urban,Cloudy,77.0,On-time
825,2025-03-24 11:49:33,Monday,11,Small,12.8,Urban,Foggy,89.6,On-time
826,2025-02-21 06:08:36,Friday,6,Special,12.2,Suburban,Sunny,139.1,On-time
827,2025-02-27 15:37:54,Thursday,15,Small,12.0,Urban,Cloudy,68.6,Delayed
828,2025-02-17 14:58:19,Monday,14,X-Large,21.3,Suburban,Rainy,153.5,On-time
829,2025-03-27 00:00:33,Thursday,0,Medium,6.3,Shopping Center,Windy,76.1,On-time
830,2025-04-10 09:40:42,Thursday,9,Large,20.6,Suburban,Sunny,66.2,On-time
831,2025-02-28 09:25:02,Friday,9,Large,13.9,Industrial,Cloudy,88.8,On-time
832,2025-03-29 16:07:49,Saturday,16,Medium,14.6,Urban,Cloudy,74.2,On-time
833,2025-03-16 20:52:36,Sunday,20,X-Large,16.9,Industrial,Sunny,78.1,On-time
834,2025-05-10 18:32:38,Saturday,18,Small,4.5,Urban,Cloudy,33.4,On-time
835,2025-04-17 01:00:36,Thursday,1,Medium,81.6,Rural,Cloudy,174.1,On-time
836,2025-04-05 23:40:24,Saturday,23,Large,15.3,Suburban,Rainy,70.4,On-time
837,2025-05-07 08:05:03,Wednesday,8,Medium,4.4,Urban,Sunny,70.0,On-time
838,2025-03-03 04:26:31,Monday,4,Medium,13.1,Industrial,Cloudy,49.5,On-time
839,2025-05-02 01:24:32,Friday,1,X-Large,70.0,Rural,Windy,338.2,On-time
840,2025-04-11 16:57:01,Friday,16,Medium,5.6,Urban,Cloudy,61.3,On-time
841,2025-02-27 05:01:26,Thursday,5,Medium,36.5,Rural,Foggy,111.7,On-time
842,2025-02-17 06:52:01,Monday,6,X-Large,17.2,Suburban,Windy,112.8,On-time
843,2025-04-13 04:21:58,Sunday,4,X-Large,61.2,Rural,Cloudy,212.3,On-time
844,2025-04-20 02:13:33,Sunday,2,Medium,17.3,Suburban,Cloudy,39.1,On-time
845,2025-05-03 12:03:24,Saturday,12,Small,59.0,Rural,Cloudy,78.3,On-time
846,2025-03-18 12:58:26,Tuesday,12,Medium,17.2,Suburban,Sunny,64.2,Delayed
847,2025-04-01 03:44:00,Tuesday,3,X-Large,13.4,Suburban,Rainy,88.9,On-time
848,2025-02-25 06:45:36,Tuesday,6,X-Large,2.0,Shopping Center,Foggy,109.9,On-time
849,2025-04-23 23:54:35,Wednesday,23,Large,6.7,Shopping Center,Foggy,95.8,On-time
850,2025-05-02 16:09:59,Friday,16,Small,8.3,Urban,Windy,77.4,On-time
851,2025-04-24 16:26:48,Thursday,16,Large,21.3,Industrial,Sunny,99.8,On-time
852,2025-04-09 10:08:41,Wednesday,10,Large,6.4,Shopping Center,Sunny,87.4,On-time
853,2025-05-12 18:12:11,Monday,18,Medium,14.4,Urban,Sunny,89.9,On-time
854,2025-02-22 06:13:09,Saturday,6,Medium,20.0,Suburban,Sunny,49.9,On-time
855,2025-03-06 06:10:39,Thursday,6,Large,5.5,Industrial,Sunny,50.0,On-time
856,2025-03-05 16:42:12,Wednesday,16,X-Large,14.1,Industrial,Windy,139.8,Delayed
857,2025-05-10 10:36:44,Saturday,10,Large,17.0,Suburban,Sunny,46.8,On-time
858,2025-04-03 05:47:58,Thursday,5,Medium,21.9,Industrial,Cloudy,52.8,On-time
859,2025-03-30 11:43:35,Sunday,11,Large,13.9,Urban,Cloudy,60.1,On-time
860,2025-02-22 01:39:21,Saturday,1,Small,3.3,Shopping Center,Rainy,43.5,On-time
861,2025-02-18 20:17:55,Tuesday,20,Small,16.1,Suburban,Rainy,44.2,On-time
862,2025-04-08 19:31:28,Tuesday,19,X-Large,10.3,Urban,Windy,108.3,On-time
863,2025-05-04 10:04:40,Sunday,10,Special,8.9,Shopping Center,Cloudy,115.0,On-time
864,2025-03-31 19:32:41,Monday,19,Small,7.5,Shopping Center,Cloudy,70.4,On-time
865,2025-03-22 23:36:47,Saturday,23,Medium,14.8,Suburban,Cloudy,51.5,On-time
866,2025-02-27 13:00:33,Thursday,13,Special,24.3,Rural,Sunny,176.6,On-time
867,2025-04-23 00:16:55,Wednesday,0,Medium,9.3,Urban,Sunny,57.3,On-time
868,2025-02-28 13:42:23,Friday,13,Medium,23.7,Industrial,Rainy,75.7,On-time
869,2025-03-16 22:32:03,Sunday,22,X-Large,9.2,Urban,Sunny,85.2,On-time
870,2025-04-25 07:17:42,Friday,7,Medium,20.3,Rural,Cloudy,129.4,On-time
871,2025-02-15 00:28:04,Saturday,0,X-Large,21.8,Suburban,Foggy,92.0,On-time
872,2025-03-09 02:54:28,Sunday,2,Medium,22.3,Suburban,Snowy,94.7,On-time
873,2025-03-30 22:46:58,Sunday,22,Medium,32.1,Rural,Cloudy,73.3,On-time
874,2025-03-19 02:21:02,Wednesday,2,X-Large,26.3,Rural,Rainy,163.5,On-time
875,2025-02-23 09:13:37,Sunday,9,Small,13.0,Suburban,Rainy,41.0,On-time
876,2025-04-01 18:54:35,Tuesday,18,Medium,9.7,Shopping Center,Cloudy,80.7,On-time
877,2025-02-22 07:23:13,Saturday,7,Large,4.2,Shopping Center,Sunny,91.1,On-time
878,2025-04-04 01:58:41,Friday,1,Small,27.5,Suburban,Windy,65.8,On-time
879,2025-05-01 00:06:16,Thursday,0,Medium,10.2,Industrial,Sunny,47.1,On-time
880,2025-03-20 17:13:30,Thursday,17,Special,3.4,Urban,Rainy,168.1,On-time
881,2025-03-28 21:51:19,Friday,21,Large,5.3,Industrial,Sunny,69.3,Delayed
882,2025-04-27 19:40:59,Sunday,19,Small,10.2,Industrial,Cloudy,38.7,On-time
883,2025-03-27 02:00:35,Thursday,2,Special,85.2,Rural,Snowy,537.8,On-time
884,2025-04-09 12:52:50,Wednesday,12,Small,73.6,Rural,Sunny,129.6,On-time
885,2025-02-21 22:13:28,Friday,22,Special,26.7,Suburban,Windy,216.8,Delayed
886,2025-04-21 08:43:00,Monday,8,Small,19.2,Industrial,Windy,79.2,On-time
887,2025-02-19 09:32:39,Wednesday,9,Special,9.7,Urban,Sunny,148.9,On-time
888,2025-05-10 12:47:06,Saturday,12,Large,50.8,Rural,Sunny,125.4,On-time
889,2025-03-17 20:18:22,Monday,20,Special,3.9,Urban,Cloudy,90.1,On-time
890,2025-04-28 13:44:05,Monday,13,Medium,24.8,Industrial,Rainy,72.4,On-time
891,2025-03-30 05:57:59,Sunday,5,Small,89.8,Rural,Foggy,115.0,On-time
892,2025-03-04 16:51:33,Tuesday,16,Medium,2.2,Shopping Center,Cloudy,102.6,Delayed
893,2025-04-02 06:15:57,Wednesday,6,Small,3.9,Urban,Sunny,22.5,On-time
894,2025-03-27 06:39:51,Thursday,6,Special,3.0,Shopping Center,Sunny,111.0,On-time
895,2025-03-22 19:11:23,Saturday,19,Medium,10.5,Industrial,Cloudy,48.6,Delayed
896,2025-02-15 05:12:32,Saturday,5,Medium,10.1,Suburban,Sunny,32.0,On-time
897,2025-04-19 02:42:39,Saturday,2,Medium,74.9,Rural,Foggy,114.6,On-time
898,2025-03-13 22:55:54,Thursday,22,Medium,4.9,Urban,Foggy,62.3,On-time
899,2025-02-26 17:56:53,Wednesday,17,Medium,3.3,Urban,Sunny,52.6,On-time
900,2025-02-15 17:45:41,Saturday,17,Large,1.2,Shopping Center,Sunny,98.3,On-time
901,2025-05-07 00:23:00,Wednesday,0,Small,11.0,Urban,Windy,57.6,On-time
902,2025-04-10 03:37:41,Thursday,3,Medium,62.6,Rural,Foggy,164.2,On-time
903,2025-02-22 07:28:15,Saturday,7,Special,82.0,Rural,Sunny,404.5,On-time
904,2025-05-01 04:09:22,Thursday,4,Large,18.3,Industrial,Cloudy,77.5,Delayed
905,2025-03-18 05:13:51,Tuesday,5,Small,28.4,Suburban,Sunny,42.5,On-time
906,2025-02-24 07:23:53,Monday,7,Large,25.6,Suburban,Cloudy,132.5,On-time
907,2025-03-29 03:46:01,Saturday,3,Large,14.7,Suburban,Windy,67.8,On-time
908,2025-05-05 19:10:13,Monday,19,Medium,48.4,Rural,Cloudy,151.1,On-time
909,2025-04-06 23:49:32,Sunday,23,Small,49.4,Rural,Cloudy,83.7,On-time
910,2025-04-15 14:37:26,Tuesday,14,Medium,10.6,Industrial,Cloudy,50.3,On-time
911,2025-02-26 02:19:53,Wednesday,2,Small,8.4,Industrial,Windy,39.1,On-time
912,2025-05-13 06:47:57,Tuesday,6,Medium,7.8,Shopping Center,Rainy,57.6,On-time
913,2025-05-06 23:00:36,Tuesday,23,Small,28.9,Rural,Sunny,59.4,On-time
914,2025-04-08 12:42:05,Tuesday,12,Small,50.3,Rural,Rainy,118.5,On-time
915,2025-04-17 19:08:46,Thursday,19,Medium,1.3,Shopping Center,Sunny,46.6,On-time
916,2025-02-20 05:07:20,Thursday,5,Medium,11.8,Suburban,Sunny,32.7,On-time
917,2025-04-02 19:26:02,Wednesday,19,Small,13.1,Suburban,Sunny,33.5,On-time
918,2025-03-23 08:46:34,Sunday,8,X-Large,9.4,Industrial,Windy,93.8,On-time
919,2025-02-17 04:06:29,Monday,4,Large,5.2,Industrial,Rainy,64.4,On-time
920,2025-02-28 19:40:34,Friday,19,Medium,14.8,Urban,Sunny,79.8,On-time
921,2025-04-23 12:41:28,Wednesday,12,Large,8.0,Shopping Center,Rainy,87.5,On-time
922,2025-02-17 20:07:16,Monday,20,Special,10.8,Industrial,Sunny,115.8,On-time
923,2025-04-02 16:57:22,Wednesday,16,Medium,2.7,Shopping Center,Cloudy,92.5,On-time
924,2025-04-05 23:33:14,Saturday,23,Large,9.0,Shopping Center,Rainy,82.3,On-time
925,2025-04-27 19:28:36,Sunday,19,Special,9.8,Shopping Center,Cloudy,152.6,Delayed
926,2025-03-06 09:46:54,Thursday,9,Medium,11.0,Industrial,Sunny,45.1,On-time
927,2025-02-27 21:38:16,Thursday,21,Large,49.0,Rural,Cloudy,154.5,On-time
928,2025-05-03 14:43:47,Saturday,14,Medium,10.7,Industrial,Sunny,39.7,On-time
929,2025-05-08 08:42:17,Thursday,8,Large,4.6,Shopping Center,Sunny,103.2,On-time
930,2025-05-11 09:17:26,Sunday,9,Medium,22.5,Rural,Sunny,77.8,On-time
931,2025-04-30 12:19:08,Wednesday,12,Large,8.8,Shopping Center,Rainy,101.0,On-time
932,2025-05-02 06:44:08,Friday,6,Medium,10.0,Shopping Center,Windy,74.5,On-time
933,2025-04-25 06:19:25,Friday,6,Large,21.6,Suburban,Cloudy,89.0,On-time
934,2025-05-14 11:35:02,Wednesday,11,Small,64.4,Rural,Windy,120.7,On-time
935,2025-03-02 00:46:30,Sunday,0,Special,10.3,Urban,Cloudy,85.8,On-time
936,2025-05-09 10:01:13,Friday,10,Small,13.9,Industrial,Sunny,36.3,On-time
937,2025-03-24 20:27:28,Monday,20,X-Large,95.6,Rural,Snowy,632.0,On-time
938,2025-04-21 22:17:27,Monday,22,Large,28.6,Rural,Sunny,111.1,On-time
939,2025-04-30 23:52:28,Wednesday,23,Small,19.7,Industrial,Sunny,30.7,On-time
940,2025-04-26 02:28:45,Saturday,2,Special,19.2,Industrial,Sunny,93.5,On-time
941,2025-03-22 18:02:45,Saturday,18,X-Large,59.9,Rural,Cloudy,281.6,On-time
942,2025-03-09 21:59:48,Sunday,21,Large,15.9,Industrial,Cloudy,51.1,On-time
943,2025-02-22 14:29:08,Saturday,14,Large,5.4,Urban,Foggy,78.4,On-time
944,2025-04-08 01:00:29,Tuesday,1,Large,68.2,Rural,Sunny,162.7,On-time
945,2025-03-02 15:12:25,Sunday,15,X-Large,12.1,Urban,Foggy,98.1,On-time
946,2025-05-10 18:13:39,Saturday,18,Large,6.2,Industrial,Cloudy,66.1,On-time
947,2025-04-06 09:03:19,Sunday,9,Large,10.1,Urban,Rainy,106.4,On-time
948,2025-03-22 01:18:54,Saturday,1,Small,18.4,Industrial,Sunny,34.9,On-time
949,2025-03-13 06:28:56,Thursday,6,Small,16.1,Industrial,Rainy,48.4,On-time
950,2025-05-02 01:30:08,Friday,1,Medium,6.3,Industrial,Windy,52.1,On-time
951,2025-02-18 17:12:21,Tuesday,17,Medium,8.0,Industrial,Rainy,80.7,Delayed
952,2025-04-03 21:12:20,Thursday,21,Small,8.5,Shopping Center,Windy,58.0,On-time
953,2025-03-19 15:58:59,Wednesday,15,Large,22.0,Suburban,Cloudy,59.3,On-time
954,2025-05-05 02:38:59,Monday,2,Small,25.7,Suburban,Foggy,66.0,On-time
955,2025-03-20 11:07:51,Thursday,11,Medium,15.0,Industrial,Rainy,48.8,On-time
956,2025-04-09 16:36:33,Wednesday,16,Medium,9.7,Urban,Sunny,82.1,On-time
957,2025-03-29 11:10:18,Saturday,11,Small,78.1,Rural,Cloudy,119.8,On-time
958,2025-04-17 05:01:38,Thursday,5,Large,4.2,Shopping Center,Cloudy,70.0,On-time
959,2025-05-12 19:58:44,Monday,19,Large,16.7,Suburban,Sunny,93.0,On-time
960,2025-03-15 01:25:44,Saturday,1,X-Large,11.0,Industrial,Windy,68.0,On-time
961,2025-04-19 07:55:29,Saturday,7,X-Large,18.0,Suburban,Windy,91.1,On-time
962,2025-03-26 08:06:48,Wednesday,8,Large,7.0,Shopping Center,Cloudy,83.8,On-time
963,2025-05-01 20:58:54,Thursday,20,Small,1.6,Shopping Center,Windy,47.9,On-time
964,2025-04-06 19:18:11,Sunday,19,Medium,18.4,Suburban,Rainy,45.1,On-time
965,2025-02-28 15:52:18,Friday,15,Medium,5.7,Shopping Center,Rainy,84.2,On-time
966,2025-03-12 21:50:42,Wednesday,21,Small,11.5,Industrial,Sunny,39.9,On-time
967,2025-03-25 09:42:34,Tuesday,9,Large,8.6,Shopping Center,Cloudy,89.7,On-time
968,2025-04-27 03:57:07,Sunday,3,Medium,26.2,Rural,Sunny,86.2,Delayed
969,2025-05-03 10:48:27,Saturday,10,Medium,44.2,Rural,Rainy,112.5,On-time
970,2025-04-01 15:54:16,Tuesday,15,Small,20.7,Industrial,Cloudy,35.7,On-time
971,2025-02-25 23:27:54,Tuesday,23,Small,1.8,Shopping Center,Windy,48.7,On-time
972,2025-02-21 02:19:12,Friday,2,Small,12.8,Urban,Rainy,60.5,On-time
973,2025-02-21 22:10:19,Friday,22,Large,84.3,Rural,Windy,239.1,On-time
974,2025-03-04 00:55:02,Tuesday,0,X-Large,56.5,Rural,Rainy,231.8,On-time
975,2025-03-15 21:48:40,Saturday,21,Small,78.3,Rural,Sunny,61.1,On-time
976,2025-03-09 19:17:32,Sunday,19,Medium,11.9,Industrial,Sunny,47.2,Delayed
977,2025-05-10 04:16:48,Saturday,4,Medium,22.7,Suburban,Cloudy,53.7,On-time
978,2025-04-15 03:47:13,Tuesday,3,Medium,21.5,Suburban,Cloudy,62.8,On-time
979,2025-05-10 21:26:27,Saturday,21,Special,14.0,Urban,Snowy,184.1,On-time
980,2025-04-08 06:30:26,Tuesday,6,Large,23.4,Industrial,Sunny,39.3,On-time
981,2025-02-19 10:03:22,Wednesday,10,Small,75.2,Rural,Sunny,90.2,On-time
982,2025-05-09 10:56:46,Friday,10,Small,7.5,Industrial,Sunny,33.0,On-time
983,2025-04-07 16:04:56,Monday,16,Medium,20.1,Industrial,Cloudy,86.9,On-time
984,2025-03-29 10:10:11,Saturday,10,Large,24.2,Industrial,Cloudy,51.1,On-time
985,2025-04-02 05:30:22,Wednesday,5,Large,14.9,Industrial,Sunny,65.7,On-time
986,2025-02-26 19:22:13,Wednesday,19,Small,25.2,Suburban,Sunny,54.8,On-time
987,2025-03-09 11:38:35,Sunday,11,Special,14.4,Urban,Rainy,142.2,On-time
988,2025-04-24 19:18:19,Thursday,19,X-Large,4.6,Shopping Center,Sunny,97.2,On-time
989,2025-02-18 12:08:42,Tuesday,12,Large,51.2,Rural,Windy,140.2,On-time
990,2025-04-19 02:03:26,Saturday,2,X-Large,3.1,Shopping Center,Foggy,116.3,On-time
991,2025-03-02 02:12:31,Sunday,2,Large,82.8,Rural,Cloudy,187.8,On-time
992,2025-03-04 05:39:51,Tuesday,5,Medium,26.3,Suburban,Windy,68.8,On-time
993,2025-02-28 16:33:35,Friday,16,X-Large,12.2,Urban,Rainy,147.0,On-time
994,2025-04-30 18:26:01,Wednesday,18,Medium,10.7,Suburban,Cloudy,69.8,On-time
995,2025-02-27 11:39:31,Thursday,11,Medium,7.9,Urban,Rainy,63.1,On-time
996,2025-03-24 03:40:01,Monday,3,Medium,5.5,Shopping Center,Windy,80.5,On-time
997,2025-03-20 06:04:01,Thursday,6,Medium,75.4,Rural,Sunny,137.0,On-time
998,2025-04-01 16:48:20,Tuesday,16,Large,33.5,Rural,Cloudy,164.6,On-time
999,2025-03-22 08:32:51,Saturday,8,Medium,18.9,Suburban,Snowy,124.0,On-time
1000,2025-03-05 15:06:41,Wednesday,15,Small,7.4,Shopping Center,Windy,62.6,On-time
